movie_id,title,director,year,runtime,genres
tt0001032,The Sealed Room,D.W. Griffith,1909,11,"Drama,Short,Thriller"
tt0016104,The Merry Widow,Erich von Stroheim,1925,137,"Drama,Romance"
tt0019071,The Last Command,Josef von Sternberg,1928,88,"Drama,Romance,War"
tt0019074,"Laugh, Clown, Laugh",Herbert Brenon,1928,73,"Drama,Romance"
tt0020643,Another Fine Mess,James Parrott,1930,29,"Comedy,Family,Short"
tt0021873,Five Star Final,Mervyn LeRoy,1931,89,"Crime,Drama"
tt0023753,Alice in Wonderland,"Norman Z. McLeod, Hugh Harman, Rudolf Ising",1933,76,"Adventure,Family,Fantasy"
tt0024078,Grand Slam,"William Dieterle, Alfred E. Green",1933,67,Comedy
tt0024320,Meet the Baron,Walter Lang,1933,68,"Comedy,Romance"
tt0024554,A Shriek in the Night,Albert Ray,1933,66,"Crime,Mystery,Romance"
tt0024605,The Sphinx,Phil Rosen,1933,64,"Adventure,Crime,Mystery"
tt0024675,Today We Live,"Howard Hawks, Richard Rosson",1933,113,"Drama,Romance,War"
tt0025173,The Girl from Missouri,"Jack Conway, Sam Wood",1934,75,"Comedy,Drama,Romance"
tt0025420,The Lost Jungle,"David Howard, Armand Schaefer",1934,243,"Action,Adventure,Drama"
tt0025712,The Return of Chandu,Ray Taylor,1934,208,"Adventure,Family,Fantasy"
tt0026110,Betty Boop with Henry the Funniest Living American,"Dave Fleischer, Myron Waldman",1935,7,"Animation,Comedy,Family"
tt0026273,The Desert Trail,Lewis D. Collins,1935,54,Western
tt0026529,The Informer,John Ford,1935,91,"Crime,Drama"
tt0026725,Les Misérables,Richard Boleslawski,1935,108,"Drama,History,Romance"
tt0027630,Follow the Fleet,Mark Sandrich,1936,110,"Comedy,Musical,Romance"
tt0027800,The Invisible Ray,Lambert Hillyer,1936,80,"Horror,Sci-Fi,Thriller"
tt0027889,The Lion Man,John P. McCarthy,1936,67,Adventure
tt0028174,Revolt of the Zombies,Victor Halperin,1936,65,"Adventure,Horror"
tt0028313,The Story of Louis Pasteur,William Dieterle,1936,86,"Biography,Drama,History"
tt0028345,Tarzan Escapes,"Richard Thorpe, John Farrow, James C. McKay, George B. Seitz, William A. Wellman",1936,89,"Action,Adventure,Family"
tt0028944,The Good Earth,"Sidney Franklin, Victor Fleming, Gustav Machatý, Sam Wood",1937,138,"Drama,Romance"
tt0029608,Stella Dallas,King Vidor,1937,106,"Drama,Romance"
tt0029626,"Swing High, Swing Low",Mitchell Leisen,1937,92,"Comedy,Drama,Musical"
tt0031398,Gunga Din,George Stevens,1939,117,"Adventure,Comedy,War"
tt0031676,Mr. Moto Takes a Vacation,Norman Foster,1939,65,"Action,Crime,Drama"
tt0032338,Christmas in July,Preston Sturges,1940,67,"Comedy,Drama,Romance"
tt0032881,Our Town,Sam Wood,1940,90,"Drama,Family,Romance"
tt0033105,Strange Cargo,Frank Borzage,1940,113,"Adventure,Drama,Romance"
tt0033152,The Thief of Bagdad,"Ludwig Berger, Michael Powell, Tim Whelan, Alexander Korda, Zoltan Korda, William Cameron Menzies",1940,106,"Adventure,Family,Fantasy"
tt0033226,Virginia City,Michael Curtiz,1940,121,Western
tt0033728,Horror Island,George Waggner,1941,60,"Comedy,Crime,Horror"
tt0033771,Jesse James at Bay,Joseph Kane,1941,56,"Drama,Western"
tt0034328,Two-Faced Woman,George Cukor,1941,90,"Comedy,Mystery,Romance"
tt0034613,The Corpse Vanishes,Wallace Fox,1942,64,"Horror,Sci-Fi"
tt0034882,I Married an Angel,"W.S. Van Dyke, Roy Del Ruth",1942,84,"Comedy,Fantasy,Musical"
tt0035096,The Mummy's Tomb,Harold Young,1942,61,"Drama,Fantasy,Horror"
tt0035160,Obsession,Luchino Visconti,1943,140,"Crime,Drama,Romance"
tt0035185,Phantom Killer,William Beaudine,1942,61,"Drama,Mystery,Romance"
tt0035573,A Yank in Libya,Albert Herman,1942,67,Drama
tt0035829,Du Barry Was a Lady,Roy Del Ruth,1943,101,"Comedy,Musical,Romance"
tt0037382,To Have and Have Not,Howard Hawks,1944,100,"Adventure,Comedy,Drama"
tt0038033,Rockin' in the Rockies,Vernon Keays,1945,63,"Action,Comedy,Family"
tt0038360,Black Angel,Roy William Neill,1946,81,"Adventure,Crime,Drama"
tt0038514,The Face of Marble,William Beaudine,1946,72,"Horror,Sci-Fi"
tt0038621,House of Horrors,Jean Yarbrough,1946,65,"Adventure,Crime,Drama"
tt0038733,A Matter of Life and Death,"Michael Powell, Emeric Pressburger",1946,104,"Drama,Fantasy,Romance"
tt0039111,The Yearling,Clarence Brown,1946,128,"Drama,Family,Western"
tt0040331,Every Girl Should Be Married,Don Hartman,1948,85,"Comedy,Drama,Romance"
tt0040862,Tarzan and the Mermaids,Robert Florey,1948,68,"Action,Adventure"
tt0040869,That Lady in Ermine,"Ernst Lubitsch, Otto Preminger",1948,89,"Comedy,Fantasy,Musical"
tt0041259,A Connecticut Yankee in King Arthur's Court,Tay Garnett,1949,106,"Comedy,Family,Fantasy"
tt0042893,Riding High,Frank Capra,1950,112,Comedy
tt0043027,The Tattooed Stranger,Edward Montagne,1950,64,"Crime,Drama,Film-Noir"
tt0043455,David and Bathsheba,Henry King,1951,116,"Biography,Drama,Family"
tt0043980,Rooty Toot Toot,John Hubley,1951,7,"Animation,Comedy,Musical"
tt0044070,Starlift,Roy Del Ruth,1951,103,"Comedy,Drama,Music"
tt0045064,Radar Men from the Moon,Fred C. Brannon,1952,167,"Action,Family,Sci-Fi"
tt0045810,Gentlemen Prefer Blondes,Howard Hawks,1953,91,"Comedy,Musical,Romance"
tt0046149,The Proud and the Beautiful,"Yves Allégret, Rafael E. Portas",1953,103,"Drama,Romance"
tt0046183,Peter Pan,"Clyde Geronimi, Wilfred Jackson, Hamilton Luske, Jack Kinney",1953,77,"Adventure,Animation,Family"
tt0046807,Brigadoon,Vincente Minnelli,1954,108,"Fantasy,Musical,Romance"
tt0046951,Elephant Walk,William Dieterle,1954,103,"Adventure,Drama"
tt0047834,Animal Farm,"Joy Batchelor, John Halas",1954,72,"Animation,Drama"
tt0047966,Cult of the Cobra,Francis D. Lyon,1955,82,"Fantasy,Horror"
tt0049223,Forbidden Planet,Fred M. Wilcox,1956,98,"Adventure,Sci-Fi"
tt0049287,Gunslinger,Roger Corman,1956,83,"Drama,Romance,Western"
tt0049616,Pharaoh's Curse,Lee Sholem,1957,66,Horror
tt0049966,Written on the Wind,Douglas Sirk,1956,99,Drama
tt0050135,April Love,Henry Levin,1957,97,"Comedy,Drama,Musical"
tt0050599,Kiss Them for Me,Stanley Donen,1957,105,"Comedy,Romance"
tt0051114,The True Story of Jesse James,Nicholas Ray,1957,92,"Biography,Crime,Drama"
tt0051398,The Barbarian and the Geisha,John Huston,1958,105,"Adventure,Drama,History"
tt0051406,Bell Book and Candle,Richard Quine,1958,106,"Comedy,Fantasy,Romance"
tt0051418,The Blob,"Irvin S. Yeaworth Jr., Russell S. Doughten Jr.",1958,86,"Horror,Sci-Fi"
tt0051484,The Colossus of New York,Eugène Lourié,1958,70,"Horror,Sci-Fi"
tt0052169,The Screaming Skull,Alex Nicol,1958,68,"Horror,Thriller"
tt0052646,The Brain That Wouldn't Die,Joseph Green,1962,82,"Horror,Sci-Fi"
tt0052844,Ghost of Dragstrip Hollow,William J. Hole Jr.,1959,65,"Comedy,Horror"
tt0052902,The Horse Soldiers,John Ford,1959,120,"Adventure,Drama,Romance"
tt0053142,Operation Dames,Louis Clyde Stoumen,1959,74,"Drama,Romance,War"
tt0053224,The Rookie,George O'Hanlon,1959,84,Comedy
tt0053241,Santa Claus,René Cardona,1959,94,"Comedy,Family,Fantasy"
tt0061834,I Am Curious (Yellow),Vilgot Sjöman,1967,121,"Drama,Romance"
tt0062032,Succubus,Jesús Franco,1968,79,"Horror,Mystery,Thriller"
tt0062159,The Projected Man,"Ian Curteis, John Croydon",1966,77,"Horror,Sci-Fi"
tt0062751,Boom!,Joseph Losey,1968,110,"Drama,Thriller"
tt0062873,The Young Girls of Rochefort,Jacques Demy,1967,125,"Comedy,Drama,Musical"
tt0063094,Hot Millions,Eric Till,1968,106,"Comedy,Crime"
tt0063522,Rosemary's Baby,Roman Polanski,1968,137,"Drama,Horror"
tt0063665,One + One,Jean-Luc Godard,1968,115,"Documentary,Drama,Music"
tt0064400,Hamlet,Tony Richardson,1969,117,Drama
tt0064645,Mayerling,Terence Young,1968,140,"Drama,History,Romance"
tt0065208,Where It's At,Garson Kanin,1969,106,Drama
tt0065622,The Decameron,Pier Paolo Pasolini,1971,111,"Comedy,Drama,History"
tt0065738,Frankenstein Must Be Destroyed,Terence Fisher,1969,101,"Drama,Horror,Sci-Fi"
tt0065750,Fury of the Wolfman,José María Zabalza,1972,86,Horror
tt0065905,Scream of the Demon Lover,José Luis Merino,1970,98,Horror
tt0065911,Jane Eyre,Delbert Mann,1970,110,Drama
tt0066011,Love Story,Arthur Hiller,1970,100,"Drama,Romance"
tt0066115,Myra Breckinridge,Michael Sarne,1970,94,Comedy
tt0066150,The Niklashausen Journey,"Rainer Werner Fassbinder, Michael Fengler",1970,90,Drama
tt0066256,Pufnstuf,Hollingsworth Morse,1970,98,"Adventure,Comedy,Family"
tt0066344,Scrooge,Ronald Neame,1970,113,"Drama,Family,Fantasy"
tt0066384,Skullduggery,"Gordon Douglas, Richard Wilson",1970,105,Adventure
tt0066449,There's a Girl in My Soup,Roy Boulting,1970,96,"Comedy,Romance"
tt0066714,The Six Wives of Henry VIII,"Naomi Capon, John Glenister",1970,540,"Biography,Drama,History"
tt0066845,Will to Die,Carl Monson,1971,82,"Horror,Mystery,Thriller"
tt0067328,The Last Picture Show,Peter Bogdanovich,1971,118,"Drama,Romance"
tt0067487,The Night Evelyn Came Out of the Grave,Emilio Miraglia,1971,103,"Horror,Mystery,Thriller"
tt0067870,A Town Called Hell,"Robert Parrish, Irving Lerner",1971,95,"Action,Drama,Western"
tt0068053,Bridget Loves Bernie,"Richard Kinon, Lee Philips, Ozzie Nelson, James Sheldon, Hal Cooper, Alan Rafkin, Coby Ruskin, Ezra Stone, Bill Bixby",1972,30,Comedy
tt0068059,Colditz,"Peter Cregeen, Viktors Ritelis, Michael Ferguson, Terence Dudley, William Slater, Philip Dudley, Ken Hannam",1972,50,"Drama,History,War"
tt0068098,M*A*S*H,"Charles S. Dubin, Alan Alda, Burt Metcalfe, Gene Reynolds, Hy Averback, Don Weis, Jackie Cooper, William K. Jurgensen, Harry Morgan, George Tyne, William Wiard, Larry Gelbart, Mike Farrell, Nell Cox, James Sheldon, Lee Philips, Earl Bellamy, Alan Rafkin, Tony Mordente, David Ogden Stiers, Terry Becker, Bruce Bilson, Michael O'Herlihy, E.W. Swackhamer, Norman Tokar, John Erman, Joan Darling, Joshua Shelley, Mel Damski, Stuart Millar, Gabrielle Beaumont, Rena Down, Susan Oliver, Michael Switzer, Jamie Farr",1972,25,"Comedy,Drama,War"
tt0068152,$,Richard Brooks,1971,121,"Comedy,Crime,Drama"
tt0068154,Trinity Is Still My Name,Enzo Barboni,1971,117,"Comedy,Western"
tt0068173,The Adventures of Barry McKenzie,Bruce Beresford,1972,114,Comedy
tt0068339,Carry on Matron,Gerald Thomas,1972,87,"Comedy,Crime"
tt0068504,Dr. Tarr's Torture Dungeon,Juan López Moctezuma,1973,84,Horror
tt0068509,"Drive, He Said",Jack Nicholson,1971,90,"Comedy,Drama,Sport"
tt0068708,Home for the Holidays,John Llewellyn Moxey,1972,73,"Drama,Horror,Mystery"
tt0068837,The Legend of Boggy Creek,Charles B. Pierce,1972,87,"Drama,Horror,Mystery"
tt0068966,The Witches Mountain,Raúl Artigot,1973,86,Horror
tt0069024,Nothing But the Night,Peter Sasdy,1973,90,"Crime,Horror,Mystery"
tt0069976,Dillinger,John Milius,1973,107,"Action,Biography,Crime"
tt0070000,Double Indemnity,Jack Smight,1973,74,"Crime,Drama,Romance"
tt0070359,The Mother and the Whore,Jean Eustache,1973,210,"Drama,Romance"
tt0070592,Massacre in Rome,George P. Cosmatos,1973,110,"Drama,History,War"
tt0070731,Steelyard Blues,Alan Myerson,1973,93,"Comedy,Crime"
tt0070752,Superchick,Ed Forsyth,1973,94,"Action,Comedy"
tt0070784,Terror on the Beach,Paul Wendkos,1973,74,"Action,Drama,Thriller"
tt0070795,A Thief in the Night,Donald W. Thompson,1972,69,"Drama,Fantasy,Horror"
tt0070991,Good Times,"Gerren Keith, Herbert Kenwith, Bob LaHendro, Donald McKayle, John Rich, Perry Rosemond",1974,30,Comedy
tt0071003,Kolchak: The Night Stalker,"Don Weis, Allen Baron, Alexander Grasshoff, Don McDougall, Michael Caffey, Gordon Hessler, Bruce Kessler, Gene Levitt, Vincent McEveety, Seymour Robbie, Robert Scheerer",1974,51,"Horror,Mystery,Thriller"
tt0071198,The Bat People,Jerry Jameson,1974,93,"Horror,Romance"
tt0071627,The House of Seven Corpses,Paul Harrison,1973,88,Horror
tt0072024,Pray for the Wildcats,Robert Michael Lewis,1974,100,Thriller
tt0072130,The Second Coming of Suzanne,Michael Barry,1974,90,Drama
tt0072354,Vampyres,José Ramón Larraz,1974,87,"Drama,Fantasy,Horror"
tt0072417,A Woman Under the Influence,John Cassavetes,1974,155,"Drama,Romance"
tt0072419,Wonder Woman,Vincent McEveety,1974,73,"Action,Adventure,Crime"
tt0072705,Bite the Bullet,Richard Brooks,1975,132,"Action,Adventure,Drama"
tt0072752,The Beast,Walerian Borowczyk,1975,98,"Drama,Fantasy,Horror"
tt0072805,Playback,Bernard L. Kowalski,1975,70,"Crime,Drama,Mystery"
tt0072886,Doc Savage: The Man of Bronze,Michael Anderson,1975,100,"Action,Adventure,Comedy"
tt0073018,French Connection II,John Frankenheimer,1975,119,"Action,Crime,Drama"
tt0073695,Sharks' Treasure,Cornel Wilde,1975,95,"Action,Adventure,Crime"
tt0074331,Old Fashioned Murder,Robert Douglas,1976,72,"Crime,Drama,Mystery"
tt0074682,The Sensuous Nurse,Nello Rossati,1975,105,Comedy
tt0074776,The Last Hard Men,Andrew V. McLaglen,1976,98,"Drama,Western"
tt0074802,Lipstick,Lamont Johnson,1976,89,"Crime,Drama,Thriller"
tt0074829,The Legend of the Wolf Woman,Rino Di Silvestro,1976,79,Horror
tt0074967,Nightmare in Badham County,John Llewellyn Moxey,1976,102,"Drama,Horror,Thriller"
tt0075249,Sparkle,Sam O'Steen,1976,98,"Drama,Music"
tt0075265,A Star Is Born,Frank Pierson,1976,139,"Drama,Music,Romance"
tt0075357,Tunnel Vision,"Neal Israel, Bradley R. Swirnoff",1976,70,Comedy
tt0075614,The Psychic,Lucio Fulci,1977,90,"Drama,Horror,Mystery"
tt0075648,Airport '77,Jerry Jameson,1977,114,"Action,Drama,Thriller"
tt0075774,Bobby Deerfield,Sydney Pollack,1977,124,"Drama,Romance"
tt0075781,The Brain Machine,Joy N. Houck Jr.,1972,85,"Sci-Fi,Thriller"
tt0075850,Cinderella 2000,Al Adamson,1977,89,"Fantasy,Musical,Sci-Fi"
tt0075888,The Crater Lake Monster,William R. Stromberg,1977,85,"Adventure,Comedy,Crime"
tt0075950,The Domino Principle,Stanley Kramer,1977,100,"Drama,Thriller"
tt0075990,End of the World,John Hayes,1977,86,"Horror,Mystery,Sci-Fi"
tt0076131,The Curious Case of the Campus Corpse,Douglas Curtis,1977,90,"Comedy,Drama,Horror"
tt0076191,The Incredible Melting Man,William Sachs,1977,86,"Horror,Sci-Fi"
tt0076299,The Last Wave,Peter Weir,1977,106,"Drama,Fantasy,Mystery"
tt0076504,Orca,Michael Anderson,1977,92,"Adventure,Drama,Horror"
tt0076709,Game of Death II,"See-Yuen Ng, Sammo Kam-Bo Hung, Corey Yuen",1980,96,"Action,Crime,Mystery"
tt0076749,Playing with Love,Pier Giuseppe Murgia,1977,94,"Drama,Romance"
tt0077275,The Brink's Job,William Friedkin,1978,104,"Comedy,Crime,Drama"
tt0077351,Coach,Bud Townsend,1978,100,"Comedy,Sport"
tt0077372,Corvette Summer,Matthew Robbins,1978,105,"Adventure,Comedy"
tt0077429,Devil Dog: The Hound of Hell,Curtis Harrington,1978,95,"Horror,Thriller"
tt0077651,Halloween,John Carpenter,1978,91,"Horror,Thriller"
tt0077921,The Medusa Touch,Jack Gold,1978,109,"Drama,Horror,Mystery"
tt0078015,Eyes Behind the Stars,Mario Gariazzo,1978,92,"Crime,Horror,Mystery"
tt0078159,Return to Boggy Creek,Tom Moore,1977,85,"Adventure,Drama,Family"
tt0078176,Romeo & Juliet,Alvin Rakoff,1978,168,Drama
tt0078480,Watership Down,"Martin Rosen, John Hubley",1978,92,"Adventure,Animation,Drama"
tt0078801,Ashanti,Richard Fleischer,1979,118,"Action,Adventure,Drama"
tt0078843,The Bell Jar,Larry Peerce,1979,107,"Biography,Drama"
tt0078895,The Border,Christopher Leitch,1980,90,"Crime,Drama,Thriller"
tt0079156,The Great Alligator,Sergio Martino,1979,89,Horror
tt0079672,Opening Night,John Cassavetes,1977,144,Drama
tt0080116,Wanda Nevada,Peter Fonda,1979,107,"Comedy,Mystery,Romance"
tt0080140,Wise Blood,John Huston,1979,106,"Comedy,Drama"
tt0080391,Attack of the Killer Tomatoes!,John De Bello,1978,83,"Adventure,Comedy,Horror"
tt0080615,Detour to Terror,Michael O'Herlihy,1980,120,"Action,Drama"
tt0080731,The Fiendish Plot of Dr. Fu Manchu,"Piers Haggard, Peter Sellers",1980,100,"Comedy,Crime,Fantasy"
tt0081233,Stage Fright,John D. Lamond,1980,82,"Horror,Thriller"
tt0081242,No Nukes,"Danny Goldberg, Anthony Potenza, Julian Schlossberg, Barbara Kopple, Haskell Wexler",1980,103,"Documentary,Music"
tt0081793,Christmas Evil,Lewis Jackson,1980,100,"Horror,Thriller"
tt0082279,The Dorm That Dripped Blood,"Stephen Carpenter, Jeffrey Obrow",1982,88,"Horror,Mystery,Thriller"
tt0082425,Full Moon High,Larry Cohen,1981,93,"Comedy,Fantasy,Horror"
tt0082508,Heartland,Richard Pearce,1979,96,"Drama,Western"
tt0082642,The Last Chase,Martyn Burke,1981,101,"Action,Adventure,Sci-Fi"
tt0082778,The Munsters' Revenge,Don Weis,1981,96,"Comedy,Crime,Family"
tt0082799,Movie Madness,"Bob Giraldi, Henry Jaglom",1982,89,Comedy
tt0082948,Private Lessons,"Alan Myerson, James Fargo",1981,87,"Comedy,Romance"
tt0082958,The Pursuit of D.B. Cooper,"Roger Spottiswoode, Buzz Kulik",1981,100,"Adventure,Crime,Drama"
tt0083050,G.I. Samurai,Kôsei Saitô,1979,85,"Action,Adventure,Sci-Fi"
tt0083113,Sphinx,Franklin J. Schaffner,1981,118,"Adventure,Mystery,Thriller"
tt0083146,Sweet Sixteen,Jim Sotos,1983,90,"Crime,Drama,Horror"
tt0083170,Tarzan the Ape Man,John Derek,1981,115,"Adventure,Drama"
tt0083541,Alley Cat,"Victor M. Ordonez, Ed Palmos, Al Valletta",1984,82,"Action,Crime"
tt0083739,Class of 1984,Mark L. Lester,1982,98,"Action,Crime,Drama"
tt0084021,Grease 2,Patricia Birch,1982,115,"Comedy,Music,Musical"
tt0084133,The Incubus,John Hough,1981,93,"Horror,Mystery,Thriller"
tt0084314,Mazes and Monsters,Steven Hilliard Stern,1982,101,"Adventure,Drama,Fantasy"
tt0084329,A Midsummer Night's Sex Comedy,Woody Allen,1982,88,Comedy
tt0084429,O Canada!,"William Bosche, Randy Bright",1982,18,"Documentary,Family,Short"
tt0084464,Pandemonium,Alfred Sole,1982,82,"Comedy,Horror,Mystery"
tt0084698,Smithereens,Susan Seidelman,1982,93,"Drama,Music"
tt0084920,Wrong Is Right,Richard Brooks,1982,117,"Comedy,Drama,Thriller"
tt0084931,"Yes, Giorgio",Franklin J. Schaffner,1982,110,"Comedy,Musical,Romance"
tt0085037,Jane Eyre,Julian Amyes,1983,28,"Drama,Romance"
tt0085112,The Winds of War,Dan Curtis,1983,126,"Drama,Romance,War"
tt0085450,Doctor Detroit,Michael Pressman,1983,89,Comedy
tt0085497,EPCOT Center: The Opening Celebration,Dwight Hemion,1982,50,"Comedy,Family,Music"
tt0085863,The Lonely Lady,Peter Sasdy,1983,92,Drama
tt0085900,The Outsider,Jacques Deray,1983,103,"Action,Crime,Drama"
tt0086250,Scarface,Brian De Palma,1983,170,"Crime,Drama"
tt0086379,Stroker Ace,Hal Needham,1983,96,"Action,Comedy,Romance"
tt0086543,The 4th Man,Paul Verhoeven,1983,102,"Drama,Mystery,Thriller"
tt0086619,Yentl,Barbra Streisand,1983,133,"Drama,Musical,Romance"
tt0086665,"Auf Wiedersehen, Pet","Roger Bamford, Paul Seed, Baz Taylor, Anthony Garner, David Innes Edwards, Maurice Phillips, Sandy Johnson",1983,60,"Comedy,Drama"
tt0086762,Mistral's Daughter,"Kevin Connor, Douglas Hickox",1984,390,"Drama,Romance"
tt0086817,Transformers,"Andy Kim, Bob Kirk, Al Kouzel, Terry Lennon, Bob Matz, Norm McCabe, Margaret Nichols, Karen Peterson, Tom Ray, Robert Shellhorn, Bob Treat, Ray Lee, John Walker, John Gibbs, Jaeho Hong, Peter Wallach",1984,30,"Action,Adventure,Animation"
tt0086967,Biohazard,Fred Olen Ray,1985,84,"Horror,Sci-Fi"
tt0087127,Deathstalker,James Sbardellati,1983,80,"Action,Adventure,Fantasy"
tt0087171,Down on Us,Larry Buchanan,1984,117,"Biography,Drama,Music"
tt0087258,Final Justice,Greydon Clark,1985,90,"Action,Crime,Drama"
tt0087402,Hell Riders,James Bryan,1984,90,"Action,Drama"
tt0087499,"The Jerk, Too",Michael Schultz,1984,95,Comedy
tt0087507,Johnny Dangerously,Amy Heckerling,1984,90,"Comedy,Crime"
tt0087544,Nausicaä of the Valley of the Wind,Hayao Miyazaki,1984,117,"Adventure,Animation,Sci-Fi"
tt0087755,The Muppets Take Manhattan,"Frank Oz, Steve Gomer",1984,94,"Adventure,Comedy,Drama"
tt0087803,1984,Michael Radford,1984,113,"Drama,Sci-Fi"
tt0088224,Tank,Marvin J. Chomsky,1984,113,"Action,Comedy,Drama"
tt0088242,Teachers,Arthur Hiller,1984,107,"Comedy,Drama"
tt0088330,Until September,Richard Marquand,1984,95,"Drama,Romance"
tt0088478,Amazing Stories,"Lesli Linka Glatter, Phil Joanou, Steven Spielberg, Paul Bartel, Thomas Carter, Joe Dante, Joan Darling, Todd Holland, Norman Reynolds, Bob Balaban, Bob Clark, William Dear, Clint Eastwood, Peter Hyams, Michael D. Moore, Donald Petrie, Burt Reynolds, Matthew Robbins, Danny DeVito, Mick Garris, Tom Holland, Timothy Hutton, Irvin Kershner, Robert Markowitz, Kevin Reynolds, J. Michael Riva, Martin Scorsese, Robert Zemeckis, Graham Baker, Brad Bird, Nick Castle, Paul Michael Glaser, Tobe Hooper, Ken Kwapis, Robert Stevens",1985,30,"Adventure,Comedy,Drama"
tt0088571,Moonlighting,"Allan Arkush, Peter Werner, Christian I. Nyby II, Paul Krasny, Dennis Dugan, Will Mackenzie, Christopher Hibler, Jay Daniel, Artie Mandelberg, Sam Weisman, Gerald Perry Finnerman, Burt Brinckerhoff, Robert Butler, Kevin Connor, Peter Crane, Christopher Leitch, Stanley Donen, Paul Lynch, Edwin Sherin, Christopher T. Welch",1985,45,"Comedy,Drama,Mystery"
tt0088729,The Annihilators,Charles E. Sellier Jr.,1985,84,"Action,Crime,Drama"
tt0088915,A Chorus Line,Richard Attenborough,1985,118,"Drama,Music,Musical"
tt0089280,Hobgoblins,Rick Sloane,1988,88,"Comedy,Horror,Sci-Fi"
tt0089308,Howling II: ... Your Sister Is a Werewolf,Philippe Mora,1985,91,"Horror,Thriller"
tt0089326,Igor and the Lunatics,W.J. Parolini,1985,82,Horror
tt0089491,The Lightship,Jerzy Skolimowski,1985,89,"Crime,Drama,Thriller"
tt0089645,Mussolini and I,Alberto Negrin,1985,120,"Biography,Drama,War"
tt0089670,National Lampoon's European Vacation,Amy Heckerling,1985,95,"Adventure,Comedy"
tt0089841,Prizzi's Honor,John Huston,1985,130,"Comedy,Crime,Drama"
tt0089880,Rambo: First Blood Part II,George P. Cosmatos,1985,96,"Action,Adventure,Thriller"
tt0090060,St. Elmo's Fire,Joel Schumacher,1985,108,"Drama,Romance"
tt0090567,52 Pick-Up,John Frankenheimer,1986,110,"Crime,Drama,Thriller"
tt0090767,The Boss' Wife,Ziggy Steinberg,1986,83,Comedy
tt0090799,Care Bears Movie II: A New Generation,Dale Schott,1986,76,"Adventure,Animation,Comedy"
tt0090849,Class of Nuke 'Em High,"Richard W. Haines, Lloyd Kaufman",1986,85,"Comedy,Horror,Sci-Fi"
tt0091065,Teenage Dream,Paul Lynch,1986,90,"Drama,Romance,Sport"
tt0091129,The Golden Child,Michael Ritchie,1986,94,"Action,Adventure,Comedy"
tt0091159,Gung Ho,Ron Howard,1986,111,"Comedy,Drama"
tt0091631,Nightmare Weekend,Henri Sala,1986,85,"Horror,Sci-Fi"
tt0091763,Platoon,Oliver Stone,1986,120,"Drama,War"
tt0091859,"Rita, Sue and Bob Too",Alan Clarke,1987,89,"Comedy,Drama"
tt0091920,Seize the Day,Fielder Cook,1986,93,Drama
tt0091993,SpaceCamp,Harry Winer,1986,107,"Adventure,Family,Sci-Fi"
tt0092359,Full House,"Joel Zwick, John Tracy, Bill Foster, Jeff Franklin, Tom Rickard, Peter Baldwin, Richard Correll, John Bowab, Lee Shallat Chemel, Howard Storm, James O'Keefe, Jack Shea, Don Barnhart, Tom Trbovich, Don Van Atta, Russ Petranto, Steve Zuckerman, Bill Petty",1987,22,"Comedy,Drama"
tt0092545,Amazing Grace and Chuck,Mike Newell,1987,114,"Drama,Sport"
tt0092615,The Barbarians,Ruggero Deodato,1987,87,"Action,Adventure,Fantasy"
tt0092684,Body Slam,Hal Needham,1986,92,"Comedy,Music,Sport"
tt0092796,Creepshow 2,Michael Gornick,1987,92,"Fantasy,Horror"
tt0092815,Daddy,John Herzfeld,1987,100,Drama
tt0093176,Hello Mary Lou: Prom Night II,Bruce Pittman,1987,97,"Horror,Thriller"
tt0093565,Moonstruck,Norman Jewison,1987,102,"Comedy,Drama,Romance"
tt0093582,Munchies,Tina Hirsch,1987,83,"Comedy,Fantasy,Horror"
tt0093629,A Nightmare on Elm Street 3: Dream Warriors,Chuck Russell,1987,96,"Fantasy,Horror"
tt0093741,The Pink Chiquitas,Tony Currie,1986,83,"Comedy,Horror,Sci-Fi"
tt0093995,Slugs,Juan Piquer Simón,1988,89,Horror
tt0094466,Freddy's Nightmares,"Ken Wiederhorn, Tom DeSimone, George Kaczender, William Malone, John Lafia, Michael Lange, David Calloway, Bill Froehlich, Jonathan R. Betuel, Robert Englund, Mick Garris, Lisa Gottlieb, Tobe Hooper, Tom McLoughlin, Charles Braverman, Jeff Freilich, Michael Klein, Dwight H. Little, Gerald T. Olson, James Quinn, Don Weis, Anita W. Addison, Gilbert Adler, Keith Samples, Richard T. Schor",1988,45,"Horror,Thriller"
tt0094813,Bulletproof,Steve Carver,1987,93,Action
tt0094868,Chocolat,Claire Denis,1988,105,Drama
tt0095043,Doctor Hackenstein,Richard Clark,1988,88,"Comedy,Horror,Sci-Fi"
tt0095158,The Firm,Alan Clarke,1989,70,Drama
tt0095189,The Further Adventures of Tennessee Buck,David Keith,1988,88,"Action,Adventure,Comedy"
tt0095684,My Best Friend Is a Vampire,Jimmy Huston,1987,89,"Comedy,Horror,Romance"
tt0095895,Powaqqatsi,Godfrey Reggio,1988,99,"Documentary,Music"
tt0095904,Prison,Renny Harlin,1987,102,"Crime,Drama,Horror"
tt0096046,Scarecrows,William Wesley,1988,83,"Action,Crime,Horror"
tt0096073,The Seventh Sign,Carl Schultz,1988,97,"Drama,Fantasy,Horror"
tt0096117,Slaughterhouse Rock,Dimitri Logothetis,1987,85,"Comedy,Horror"
tt0096118,Sleepaway Camp II: Unhappy Campers,Michael A. Simpson,1988,80,"Comedy,Horror"
tt0096310,Troma's War,"Michael Herz, Lloyd Kaufman",1988,91,"Action,Adventure,Comedy"
tt0096453,Witchery,Fabrizio Laurenti,1989,95,Horror
tt0096511,Zombie 3,"Lucio Fulci, Claudio Fragasso, Bruno Mattei",1988,84,"Action,Horror,Sci-Fi"
tt0096786,Alienator,Fred Olen Ray,1990,93,"Action,Drama,Fantasy"
tt0096866,The BFG,Brian Cosgrove,1989,91,"Adventure,Animation,Drama"
tt0096870,Going Overboard,Valerie Breiman,1989,99,Comedy
tt0097029,Catch Me If You Can,Stephen Sommers,1989,106,"Action,Comedy,Drama"
tt0097044,Chances Are,Emile Ardolino,1989,108,"Comedy,Fantasy,Romance"
tt0097081,Collision Course,Lewis Teague,1989,100,"Action,Comedy,Crime"
tt0097371,Food of the Gods II,Damian Lee,1989,91,"Horror,Sci-Fi"
tt0097529,Houseboat Horror,"Kendal Flanagan, Ollie Martin",1989,85,Horror
tt0097630,Journey to the Center of the Earth,"Rusty Lemorande, Albert Pyun",1988,100,"Adventure,Sci-Fi"
tt0097635,Jesus of Montreal,Denys Arcand,1989,120,"Drama,Romance"
tt0097670,Kinjite: Forbidden Subjects,J. Lee Thompson,1989,97,"Action,Crime,Drama"
tt0097845,Massacre,Andrea Bianchi,1989,89,"Horror,Thriller"
tt0097874,Metamorphosis,George Eastman,1990,96,"Horror,Sci-Fi"
tt0097981,A Nightmare on Elm Street: The Dream Child,Stephen Hopkins,1989,89,"Fantasy,Horror"
tt0098061,Paperhouse,Bernard Rose,1988,92,"Drama,Fantasy"
tt0098084,Pet Sematary,Mary Lambert,1989,103,"Fantasy,Horror,Thriller"
tt0098375,Spontaneous Combustion,Tobe Hooper,1989,97,"Horror,Sci-Fi,Thriller"
tt0098412,Sundown: The Vampire in Retreat,Anthony Hickox,1989,104,"Comedy,Horror,Western"
tt0098525,True Blood,Frank Kerr,1989,100,"Action,Drama"
tt0098936,Twin Peaks,"David Lynch, Lesli Linka Glatter, Caleb Deschanel, Duwayne Dunham, Tim Hunter, Todd Holland, Tina Rathborne, Graeme Clifford, Mark Frost, Uli Edel, James Foley, Stephen Gyllenhaal, Diane Keaton, Jonathan Sanger",1990,50,"Crime,Drama,Mystery"
tt0098994,"After Dark, My Sweet",James Foley,1990,114,"Crime,Drama,Mystery"
tt0099012,Alice,Woody Allen,1990,106,"Comedy,Romance"
tt0099165,The Bonfire of the Vanities,Brian De Palma,1990,125,"Comedy,Drama,Romance"
tt0099173,Brain Dead,Adam Simon,1990,85,"Horror,Mystery,Sci-Fi"
tt0099260,China O'Brien,Robert Clouse,1990,86,"Action,Crime,Drama"
tt0099327,A Cry in the Wild,Mark Griffiths,1990,82,"Action,Adventure,Thriller"
tt0099578,The First Power,Robert Resnikoff,1990,98,"Crime,Horror,Thriller"
tt0099656,Ghosts Can't Do It,John Derek,1989,95,"Comedy,Crime,Fantasy"
tt0099674,The Godfather Part III,Francis Ford Coppola,1990,162,"Crime,Drama"
tt0099742,Haunting Fear,Fred Olen Ray,1990,88,"Crime,Drama,Fantasy"
tt0099856,The Invisible Maniac,Adam Rifkin,1990,86,"Comedy,Horror,Sci-Fi"
tt0100056,Lorna Doone,Andrew Grieve,1990,87,"Drama,Romance"
tt0100156,Mirror Mirror,Marina Sargenti,1990,104,"Horror,Thriller"
tt0100248,The Night Brings Charlie,Tom Logan,1990,75,Horror
tt0100419,Problem Child,Dennis Dugan,1990,81,"Comedy,Family"
tt0100485,Revenge,Tony Scott,1990,124,"Action,Crime,Drama"
tt0100666,Spaced Invaders,Patrick Read Johnson,1990,100,"Adventure,Comedy,Sci-Fi"
tt0100691,Stella,John Erman,1990,109,"Drama,Romance"
tt0101368,Severed Ties,Damon Santostefano,1991,92,"Comedy,Horror,Sci-Fi"
tt0101452,Bill & Ted's Bogus Journey,Peter Hewitt,1991,93,"Adventure,Comedy,Fantasy"
tt0101540,Cape Fear,Martin Scorsese,1991,128,"Crime,Drama,Thriller"
tt0101635,Curly Sue,John Hughes,1991,101,"Comedy,Drama,Family"
tt0101764,Double Impact,Sheldon Lettich,1991,110,"Action,Crime"
tt0101903,For the Very First Time,Michael Zinberg,1991,96,"Drama,Romance"
tt0101917,Freddy's Dead: The Final Nightmare,Rachel Talalay,1991,89,"Fantasy,Horror"
tt0101969,Grand Canyon,Lawrence Kasdan,1991,134,"Crime,Drama"
tt0102048,Homicide,David Mamet,1991,102,"Crime,Mystery,Thriller"
tt0102175,Jungle Fever,Spike Lee,1991,132,"Drama,Romance"
tt0102340,Love Crimes,Lizzie Borden,1992,90,"Romance,Thriller"
tt0102422,McBain,James Glickenhaus,1991,102,"Action,Crime,Drama"
tt0102585,Omen IV: The Awakening,"Jorge Montesi, Dominique Othenin-Girard",1991,97,Horror
tt0102655,The Perfect Weapon,Mark DiSalle,1991,83,"Action,Crime,Drama"
tt0102690,Popcorn,"Mark Herrier, Alan Ormsby",1991,91,"Comedy,Horror"
tt0102800,Robot Jox,Stuart Gordon,1989,85,"Action,Sci-Fi,Thriller"
tt0103336,Zombie '90: Extreme Pestilence,Andreas Schnaas,1991,75,"Horror,Sci-Fi"
tt0103858,Bonnie & Clyde: The True Story,Gary Hoffman,1992,93,"Crime,Drama"
tt0103907,CIA Code Name: Alexa,Joseph Merhi,1992,93,"Action,Adventure,Thriller"
tt0104515,Intensive Care,Dorna X. van Rouveroy,1991,91,"Horror,Thriller"
tt0104808,Maniac Cop 3: Badge of Silence,William Lustig,1992,85,"Action,Horror"
tt0104997,South Beach,"Fred Williamson, Alain Zaloum",1993,93,"Action,Crime,Drama"
tt0105410,"Silent Night, Deadly Night 5: The Toy Maker",Martin Kitrosser,1991,86,"Horror,Sci-Fi"
tt0105428,Sleepwalkers,Mick Garris,1992,89,"Fantasy,Horror"
tt0105629,Toys,Barry Levinson,1992,118,"Adventure,Comedy,Drama"
tt0105699,Unlawful Entry,Jonathan Kaplan,1992,111,"Crime,Drama,Thriller"
tt0106064,Mighty Morphin Power Rangers,"Terence H. Winkless, Robert Hughes, John Stewart, Shuki Levy, Robert Radler, Worth Keeter, Jonathan Tzachor, Jerry P. Jacobs, Armand Garabidian, David Blyth, Adrian Carr, Jeffrey Reiner, John Blizek, Marco Garibaldi, Douglas Sloan, Vickie Bronaugh, Isaac Florentine, Larry Litton, Paul Schrier, Strathford Hamilton",1993,30,"Action,Adventure,Family"
tt0106336,Babylon 5: The Gathering,Richard Compton,1993,89,"Action,Adventure,Drama"
tt0106582,Cliffhanger,Renny Harlin,1993,113,"Action,Adventure,Thriller"
tt0106669,Darkness,Leif Jonker,1993,90,Horror
tt0106753,Doppelganger,Avi Nesher,1993,104,"Horror,Romance,Thriller"
tt0106922,Fit to Kill,Andy Sidaris,1993,97,"Action,Crime,Drama"
tt0106983,Future Shock,"Eric Parkinson, Matt Reeves, Oley Sassone",1994,98,"Horror,Sci-Fi"
tt0106997,Genghis Cohn,Elijah Moshinsky,1993,79,"Comedy,Drama"
tt0107151,The House of the Spirits,Bille August,1993,145,"Drama,Romance"
tt0107302,Kalifornia,Dominic Sena,1993,117,"Crime,Drama,Thriller"
tt0107333,Knights,Albert Pyun,1993,90,"Action,Adventure,Sci-Fi"
tt0107626,My Boyfriend's Back,Bob Balaban,1993,85,"Comedy,Fantasy,Horror"
tt0108350,Night Terrors,Tobe Hooper,1993,98,Horror
tt0108569,Wilder Napalm,Glenn Gordon Caron,1993,109,"Comedy,Drama,Fantasy"
tt0108778,Friends,"Gary Halvorson, Kevin Bright, Michael Lembeck, James Burrows, Gail Mancuso, Peter Bonerz, David Schwimmer, Ben Weiss, Robby Benson, Shelley Jensen, Terry Hughes, Dana De Vally Piazza, Sheldon Epps, Pamela Fryman, Alan Myerson, Thomas Schlamme, Steve Zuckerman, Roger Christiansen, Arlene Sanford, Ellen Gittelsohn, Paul Lazarus, Mary Kay Place, Sam Simon, David Steinberg, Todd Holland, Joe Regalbuto, Andrew Tsao, Stephen Prime",1994,22,"Comedy,Romance"
tt0109287,Blank Check,Rupert Wainwright,1994,93,"Comedy,Crime,Family"
tt0109335,Breathing Lessons,John Erman,1994,93,Drama
tt0109338,Broken Lullaby,Michael Kennedy,1994,96,"Drama,Romance,Thriller"
tt0109494,Crackerjack,Michael Mazo,1994,96,"Action,Thriller"
tt0109890,The Getaway,Roger Donaldson,1994,115,"Action,Adventure,Crime"
tt0110099,I.Q.,Fred Schepisi,1994,100,"Comedy,Romance"
tt0110695,Nowhere to Hide,Bobby Roth,1994,96,"Drama,Thriller"
tt0110763,The Pagemaster,"Pixote Hunt, Joe Johnston",1994,75,"Adventure,Animation,Comedy"
tt0111880,American Gothic,"Lou Antonio, Michael Nankin, Doug Lefler, Oz Scott, James Frawley, Michael Lange, Mike Binder, Jim Charleston, James A. Contner, Michael Katleman, Peter O'Fallon, Mel Damski, Bruce Seth Green, Elodie Keene, Nick Marck",1995,60,"Drama,Horror,Thriller"
tt0111993,Hamish Macbeth,"Nicholas Renton, Mandie Fletcher, Jonas Grimås, Ian Knox, Patrick Lau, Sid Roberson",1995,60,"Comedy,Crime,Drama"
tt0112374,Annie: A Royal Adventure!,Ian Toynton,1995,92,"Comedy,Family"
tt0112537,Blue Juice,Carl Prechezer,1995,90,"Comedy,Drama,Romance"
tt0112740,Crimson Tide,Tony Scott,1995,116,"Action,Drama,Thriller"
tt0112765,Cyborg 3: The Recycler,Michael Schroeder,1994,90,"Action,Sci-Fi,Thriller"
tt0113158,Georgia,Ulu Grosbard,1995,115,"Drama,Music"
tt0113270,The Haunted World of Edward D. Wood Jr.,Brett Thompson,1995,89,"Biography,Documentary,Horror"
tt0113305,Higher Learning,John Singleton,1995,128,"Crime,Drama,Thriller"
tt0113501,Just Cause,Arne Glimcher,1995,102,"Action,Crime,Drama"
tt0113849,A Month by the Lake,John Irvin,1995,92,"Comedy,Drama,Romance"
tt0114057,Othello,Oliver Parker,1995,123,"Drama,Romance"
tt0114287,Rob Roy,Michael Caton-Jones,1995,139,"Adventure,Biography,Drama"
tt0114658,Theodore Rex,Jonathan R. Betuel,1995,92,"Action,Comedy,Family"
tt0114736,True Crime,Pat Verducci,1995,94,"Crime,Drama,Mystery"
tt0115543,The Angel of Pennsylvania Avenue,Robert Ellis Miller,1996,92,Drama
tt0115834,Carnosaur 3: Primal Species,Jonathan Winfrey,1996,80,"Action,Horror,Sci-Fi"
tt0115907,City Hall,Harold Becker,1996,111,"Crime,Drama,Mystery"
tt0115994,Curdled,Reb Braddock,1996,88,"Comedy,Crime,Thriller"
tt0116061,Death and the Compass,Alex Cox,1992,86,Drama
tt0116136,DragonHeart,Rob Cohen,1996,103,"Action,Adventure,Fantasy"
tt0116191,Emma,Douglas McGrath,1996,120,"Comedy,Drama,Romance"
tt0116308,Fire,Deepa Mehta,1996,104,"Crime,Drama,Romance"
tt0116499,Have You Seen My Son,Paul Schneider,1996,120,Drama
tt0116671,Jack Frost,Michael Cooney,1997,89,"Comedy,Fantasy,Horror"
tt0116684,Jane Eyre,Franco Zeffirelli,1996,112,"Drama,Romance"
tt0116762,Keys to Tulsa,Leslie Greif,1997,113,"Crime,Drama,Thriller"
tt0116953,Mad Dog Time,Larry Bishop,1996,93,"Comedy,Crime,Drama"
tt0117283,The Pallbearer,Matt Reeves,1996,98,"Comedy,Romance"
tt0117382,Twists of Terror,Douglas Jackson,1997,90,"Horror,Thriller"
tt0117445,Raven,Russell Solberg,1996,97,Action
tt0117589,Secrets & Lies,Mike Leigh,1996,136,"Comedy,Drama"
tt0117608,Sgt. Bilko,Jonathan Lynn,1996,94,Comedy
tt0117894,Thinner,Tom Holland,1996,93,"Fantasy,Horror"
tt0118254,Ally McBeal,"Mel Damski, Jonathan Pontell, Bill D'Elia, Arlene Sanford, Michael Schultz, Billy Dickson, Jeannot Szwarc, Dennie Gordon, Rachel Talalay, Bethany Rooney, Arvin Brown, Peter MacNicol, Alex Graves, Kenny Ortega, Thomas Schlamme, Sandy Smolan, Allan Arkush, Elodie Keene, Vincent Misiano, Joanna Kerns, Jack Bender, David Grossman, Oz Scott, Daniel Attias, James Frawley, Victoria Hochberg, Joe Napolitano, Jace Alexander, Dennis Dugan, Jeremy Kagan, Tom Moore, Adam Nimoy, Ben Lewin, Bryan Gordon, Barnet Kellman, Michael Lange, Alan Myerson, Adam Arkin, Greg Germann, Ron Lagomarsino, Sarah Pia Anderson, Steve Gomer, David Semel",1997,45,"Comedy,Drama,Romance"
tt0118537,2103: The Deadly Wake,G. Philip Jackson,1997,100,"Drama,Sci-Fi,Thriller"
tt0118580,Alibi,Andy Wolk,1997,120,Drama
tt0118787,Buddy,Caroline Thompson,1997,84,"Adventure,Comedy,Drama"
tt0118882,Conceiving Ada,Lynn Hershman Leeson,1997,85,"Drama,Fantasy,Sci-Fi"
tt0118939,Dead Letter Office,John Ruane,1998,95,"Comedy,Drama,Romance"
tt0118998,Doctor Dolittle,Betty Thomas,1998,85,"Comedy,Family,Fantasy"
tt0119052,The Education of Little Tree,Richard Friedenberg,1997,112,Drama
tt0119173,G.I. Jane,Ridley Scott,1997,125,"Action,Drama,War"
tt0119196,The Gingerbread Man,Robert Altman,1998,114,"Crime,Mystery,Thriller"
tt0119210,Switchback,Jeb Stuart,1997,118,"Crime,Mystery,Thriller"
tt0119303,Home Alone 3,Raja Gosnell,1997,102,"Action,Comedy,Crime"
tt0119310,"Honey, We Shrunk Ourselves!",Dean Cundey,1997,74,"Action,Adventure,Comedy"
tt0119380,The Invader,Mark Rosman,1997,93,"Action,Sci-Fi,Thriller"
tt0119427,Judaai,Raj Kanwar,1997,167,"Comedy,Drama,Romance"
tt0119453,A Merry War,Robert Bierman,1997,101,"Comedy,Drama,Romance"
tt0119653,Men,Zoe Clarke-Williams,1997,92,Drama
tt0119690,Mojo,Jez Butterworth,1997,90,Drama
tt0119700,Moonbase,Paolo Mazzucato,1997,89,"Action,Sci-Fi"
tt0119792,Nil by Mouth,Gary Oldman,1997,128,Drama
tt0119906,Playing God,Andy Wilson,1997,94,"Crime,Drama,Thriller"
tt0120041,Runaway Car,Jack Sholder,1997,90,"Action,Adventure,Comedy"
tt0120102,Seven Years in Tibet,Jean-Jacques Annaud,1997,136,"Adventure,Biography,Drama"
tt0120247,Surface to Air,Rodney McDonald,1998,93,"Action,War"
tt0120275,The Tango Lesson,Sally Potter,1997,100,"Drama,Music,Romance"
tt0120430,Vanishing Point,Charles Robert Carner,1997,91,"Action,Adventure,Drama"
tt0120613,A Walk on the Moon,Tony Goldwyn,1999,107,"Drama,Romance"
tt0120620,Brokedown Palace,Jonathan Kaplan,1999,100,"Drama,Mystery,Thriller"
tt0120626,April Captains,Maria de Medeiros,2000,123,"Drama,History,War"
tt0120706,The General,John Boorman,1998,124,"Biography,Crime,Drama"
tt0120742,Major League: Back to the Minors,John Warren,1998,100,"Comedy,Sport"
tt0120764,My Favorite Martian,Donald Petrie,1999,94,"Comedy,Family,Sci-Fi"
tt0120831,Slums of Beverly Hills,Tamara Jenkins,1998,91,"Comedy,Drama"
tt0120894,Immortality,Po-Chih Leong,1998,98,"Crime,Mystery,Romance"
tt0122906,Among Giants,Sam Miller,1998,93,"Comedy,Romance"
tt0123385,Artemisia,Agnès Merlet,1997,98,"Biography,Drama,History"
tt0124265,The Voyage of the Mimi,"Richard Hendrick, D'Arcy Marsh",1984,30,"Adventure,Family,History"
tt0125430,The Naughty Stewardesses,Al Adamson,1973,102,"Comedy,Drama"
tt0125510,Splatter University,Richard W. Haines,1984,78,"Horror,Mystery,Thriller"
tt0126814,Big Meat Eater,Chris Windsor,1982,82,"Comedy,Horror,Musical"
tt0127388,Ninja Turtles: The Next Mutation,"Robert Lee, Iain Paterson, Rob Stewart, David Straiton, Clay Borris, Richard Martin, Michael Mazo, Don McCutcheon, James Taylor, Scott J. Ateah, Richard Flower, Otta Hanus, Ed Anders",1997,20,"Action,Adventure,Comedy"
tt0127503,Death House,John Saxon,1988,90,"Action,Horror,Sci-Fi"
tt0127901,Starstruck,John Enbom,1998,90,Drama
tt0128239,Grey Owl,Richard Attenborough,1999,118,"Biography,Drama,Western"
tt0130229,Rupert's Land,Jonathan Tammuz,1998,93,Drama
tt0131484,Misbegotten,Mark L. Lester,1997,95,Thriller
tt0132347,Mystery Men,Kinka Usher,1999,121,"Action,Comedy,Fantasy"
tt0132905,No One Writes to the Colonel,Arturo Ripstein,1999,122,Drama
tt0138322,Beretta's Island,Michael Preece,1993,97,"Action,Adventure,Comedy"
tt0138987,20 Dates,Myles Berkowitz,1998,87,"Biography,Comedy,Romance"
tt0139362,High Art,Lisa Cholodenko,1998,101,"Drama,Romance"
tt0139388,It Had to Be You,Steven Feder,2000,96,"Comedy,Romance"
tt0140697,Witchcraft X: Mistress of the Craft,Elisar Cabrera,1998,90,Horror
tt0141369,Inspector Gadget,David Kellogg,1999,78,"Action,Adventure,Comedy"
tt0141842,The Sopranos,"Timothy Van Patten, John Patterson, Allen Coulter, Alan Taylor, Henry Bronchtein, Jack Bender, Steve Buscemi, Daniel Attias, David Chase, Nick Gomez, Matthew Penn, Lorraine Senna, Andy Wolk, Martin Bruestle, Lee Tamahori, James Hayman, Peter Bogdanovich, Mike Figgis, Rodrigo García, Danny Leiner, David Nutter, Steve Shill, Phil Abraham, Terence Winter",1999,55,"Crime,Drama"
tt0143096,The All New Adventures of Laurel & Hardy in 'For Love or Mummy',"John R. Cherry III, Larry Harmon",1999,85,Comedy
tt0144191,A Face in the Fog,Robert F. Hill,1936,61,"Mystery,Thriller"
tt0144622,St. Ives,Harry Hook,1998,90,"Drama,Romance"
tt0145531,Stigmata,Rupert Wainwright,1999,103,"Horror,Mystery"
tt0145679,Blood on Her Hands,Steven Robman,1998,95,"Crime,Drama"
tt0150143,Claire Dolan,Lodge Kerrigan,1998,95,Drama
tt0150786,Gregory's Two Girls,Bill Forsyth,1999,116,Comedy
tt0155253,Testing the Limits,Brigitte Berman,2000,100,Drama
tt0156524,The Eternal Jew,Fritz Hippler,1940,62,"Documentary,History"
tt0156789,Men in White,Scott P. Levy,1998,83,"Comedy,Sci-Fi"
tt0158438,Via Satellite,Anthony McCarten,1998,90,Comedy
tt0158653,Coming Home,Giles Foster,1998,101,"Drama,Romance,War"
tt0160904,MI-5,"Alrick Riley, Bharat Nalluri, Sam Miller, Omar Madha, Julian Holmes, Edward Hall, Justin Chadwick, Julian Simpson, Bill Anderson, Jonny Campbell, Cilla Ware, Antonia Bird, Jeremy Lovering, Kenneth Glenaan, Andy Hay, Charles Beeson, Brendan Maher, Stefan Schwartz, Peter Hoar, Colm McCarthy, Michael Caton-Jones, Paul Whittington, Rob Bailey, Andy Wilson, Ciaran Donnelly",2002,60,"Action,Crime,Drama"
tt0160986,Time at the Top,Jim Kaufman,1999,96,"Family,Sci-Fi"
tt0161023,Tumbleweeds,Gavin O'Connor,1999,102,"Comedy,Drama"
tt0161219,Advice from a Caterpillar,Don Scardino,1999,90,"Comedy,Drama,Romance"
tt0161634,Guinea Pig: Devil's Experiment,Satoru Ogura,1985,43,"Horror,Short"
tt0162889,Return of the Boogeyman,"Deland Nuse, Ulli Lommel",1994,76,Horror
tt0163069,Losing Control,Julie Jordan,1998,93,"Mystery,Romance,Thriller"
tt0164052,Hollow Man,Paul Verhoeven,2000,112,"Action,Horror,Sci-Fi"
tt0164699,Bodyguard Kiba,Ryûichi Takamori,1973,87,"Action,Crime,Drama"
tt0164877,"Sexo, pudor y lágrimas",Antonio Serrano,1999,109,"Comedy,Drama"
tt0165494,Ringmaster,Neil Abramson,1998,90,Comedy
tt0167038,Belle's Magical World,"Bob Kline, Cullen Blaine, Dale Case, Daniel de la Vega, Barbara Dourmashkin-Case, Rick Leon, Burt Medall, Mitch Rochon",1998,92,"Adventure,Animation,Family"
tt0167456,Thunderbirds,Jonathan Frakes,2004,95,"Action,Adventure,Comedy"
tt0169621,Wild Iris,Daniel Petrie,2001,93,Drama
tt0170016,How the Grinch Stole Christmas,Ron Howard,2000,104,"Comedy,Family,Fantasy"
tt0171363,The Haunting,Jan de Bont,1999,113,"Fantasy,Horror,Mystery"
tt0172109,Alex l'ariete,Damiano Damiani,2000,122,"Action,Crime"
tt0174336,Whipped,Peter M. Cohen,2000,82,"Comedy,Romance"
tt0175877,Made Men,Louis Morneau,1999,91,"Action,Comedy,Thriller"
tt0175880,Magnolia,Paul Thomas Anderson,1999,188,Drama
tt0176269,Universal Soldier: The Return,Mic Rodgers,1999,83,"Action,Sci-Fi"
tt0178130,Cleopatra,Franc Roddam,1999,177,"Biography,Drama,History"
tt0179443,Rancid Aluminum,Edward Thomas,2000,91,"Comedy,Crime,Drama"
tt0180207,Total Stranger,Joe Cacaci,1999,94,"Drama,Thriller"
tt0180274,Unhinged,Don Gronquist,1982,79,Horror
tt0180303,If You Only Knew,David Snedeker,1999,107,"Comedy,Romance"
tt0182295,Love's Labour's Lost,Kenneth Branagh,2000,93,"Comedy,Musical,Romance"
tt0184135,The League of Gentlemen,Steve Bendelack,1999,60,"Comedy,Horror"
tt0184463,The Fear: Resurrection,Chris Angel,1999,87,Horror
tt0186589,Sugar & Spice,Francine McDougall,2001,81,"Comedy,Crime"
tt0187078,Gone in 60 Seconds,Dominic Sena,2000,118,"Action,Crime,Thriller"
tt0188453,Birthday Girl,Jez Butterworth,2001,93,"Comedy,Crime,Thriller"
tt0189456,Cut,Kimble Rendall,2000,82,"Comedy,Horror,Mystery"
tt0189727,Memorial Day,Christopher Alender,1999,81,Horror
tt0190524,Left Behind: The Movie,Vic Sarin,2000,96,"Action,Drama,Fantasy"
tt0190897,The All-New Popeye Hour,"Ray Patterson, Carl Urbano, George Gordon, Oscar Dufau, Chris Cuddington, Rudy Zamora",1978,60,"Adventure,Animation,Family"
tt0191915,Hide and Seek,Sidney J. Furie,2000,100,"Crime,Drama,Thriller"
tt0192766,A Wake in Providence,Rosario Roveto Jr.,1999,92,Comedy
tt0193537,Summer Rain,Jonathan Glendening,2001,92,"Comedy,Romance"
tt0195234,Saving Grace,Nigel Cole,2000,93,"Comedy,Crime"
tt0196267,Cruel Intentions 2,Roger Kumble,2000,87,Drama
tt0197116,Zombie Bloodbath 3: Zombie Armageddon,Todd Sheets,2000,90,Horror
tt0197153,Good Day L.A.,"Lisa Todd, Patrick Perez",1993,180,"News,Talk-Show"
tt0197570,The Hungry Bachelors Club,Gregory Ruzzin,1999,93,"Comedy,Drama,Romance"
tt0199650,Jill Rips,Anthony Hickox,2000,94,"Drama,Thriller"
tt0200374,Shaka Zulu: The Citadel,Joshua Sinclair,2001,179,Drama
tt0200550,Coyote Ugly,David McNally,2000,100,"Comedy,Drama,Music"
tt0200710,Hitokiri,Hideo Gosha,1969,140,"Action,Biography,Drama"
tt0201290,The Underground Comedy Movie,Vince Offer,1999,88,Comedy
tt0201538,Les convoyeurs attendent,Benoît Mariage,1999,94,"Comedy,Drama"
tt0202152,Zatoichi,Shintarō Katsu,1989,116,"Action,Drama"
tt0202458,Love.com,Sherwood Ball,2002,85,Thriller
tt0203408,The Omega Code,Robert Marcarelli,1999,100,"Action,Adventure,Fantasy"
tt0207051,The Journey to Kafiristan,"Donatello Dubini, Fosco Dubini",2001,101,Drama
tt0209037,Everybody's Famous!,Dominique Deruddere,2000,97,"Comedy,Drama,Music"
tt0211181,102 Dalmatians,Kevin Lima,2000,100,"Adventure,Comedy,Family"
tt0211938,Bait,Antoine Fuqua,2000,119,"Action,Comedy,Crime"
tt0216196,Angel of Death,Pepe Danquart,2001,91,"Drama,Thriller"
tt0216930,My 5 Wives,Sidney J. Furie,2000,100,Comedy
tt0217331,The Convent,Mike Mendez,2000,79,"Comedy,Horror"
tt0218138,Dead Babies,William Marsh,2000,101,Comedy
tt0218619,Soul Survivors,Stephen Carpenter,2001,84,"Horror,Mystery,Thriller"
tt0218817,Antitrust,Peter Howitt,2001,108,"Action,Crime,Drama"
tt0218891,Cinderella,Beeban Kidron,2000,83,"Drama,Fantasy,Romance"
tt0219103,Jessica: A Ghost Story,Richard Lowry,1992,94,Horror
tt0219400,Waking Up in Reno,Jordan Brady,2002,91,"Comedy,Romance"
tt0220631,El mar,Agustí Villaronga,2000,107,"Drama,War"
tt0221809,Ayurveda: Art of Being,Pan Nalin,2001,102,Documentary
tt0222817,Entrails of a Virgin,Kazuo 'Gaira' Komizu,1986,72,"Horror,Sci-Fi"
tt0228158,Corpse Eaters,"Donald R. Passmore, Klaus Vetter",1974,61,Horror
tt0228528,Little Richard,Robert Townsend,2000,88,"Biography,Drama,Music"
tt0229003,New Port South,Kyle Cooper,2001,95,Drama
tt0230055,Bulandi,Rama Rao Tatineni,2000,175,"Action,Drama"
tt0230631,A Perfect Son,Leonard Farlinger,2000,89,Drama
tt0231775,Down to Earth,"Chris Weitz, Paul Weitz",2001,87,"Comedy,Fantasy"
tt0232908,Voodoo Academy,David DeCoteau,2000,92,"Fantasy,Horror,Thriller"
tt0234041,Roberto Succo,Cédric Kahn,2001,124,"Biography,Crime,Drama"
tt0234215,The Matrix Reloaded,"Lana Wachowski, Lilly Wachowski",2003,138,"Action,Sci-Fi"
tt0235166,Against All Hope,Edward T. McDougal,1982,90,"Biography,Drama"
tt0235406,The Game,Bill Rebane,1984,84,Horror
tt0237616,The Prodigy,Edward T. McDougal,1999,104,Drama
tt0239195,Survivor,"Michael Simon, Don Roy King, Glenn Weiss, Joe DeMaio, Bill Brady, David Kangas, Michael Dimich, Rob Klug",2000,60,"Adventure,Game-Show,Reality-TV"
tt0240684,The Little Mermaid 2: Return to the Sea,"Jim Kammerud, Brian Smith",2000,75,"Adventure,Animation,Comedy"
tt0240736,Moonstalker,Michael S. O'Rourke,1989,92,Horror
tt0240890,Serendipity,Peter Chelsom,2001,90,"Comedy,Romance"
tt0240900,Slackers,Dewey Nicks,2002,86,"Comedy,Romance"
tt0242193,Bully,Larry Clark,2001,108,"Biography,Crime,Drama"
tt0242798,Proximity,Scott Ziehl,2001,100,"Action,Crime,Mystery"
tt0242998,Valentine,Jamie Blanks,2001,96,"Horror,Mystery,Thriller"
tt0243135,Happenstance,Laurent Firode,2000,90,"Comedy,Drama,Romance"
tt0243655,Wet Hot American Summer,David Wain,2001,97,"Comedy,Romance"
tt0244684,No One Sleeps,Jochen Hick,2000,108,"Drama,Mystery,Romance"
tt0245115,The Fluffer,"Richard Glatzer, Wash Westmoreland",2001,95,"Comedy,Drama,Romance"
tt0245407,Crush,John McKay,2001,108,"Comedy,Drama,Romance"
tt0246734,A Kite,"Yasuomi Umetsu, Yûki Iwai, Keizô Kusakawa",1998,26,"Action,Adventure,Animation"
tt0247164,American Nightmare,Jon Keeyes,2002,91,Horror
tt0249624,Gabriel & Me,Udayan Prasad,2001,84,Drama
tt0250202,All Over the Guy,Julie Davis,2001,95,"Comedy,Romance"
tt0250310,Corky Romano,Rob Pritts,2001,86,"Comedy,Crime"
tt0250491,Late Night Shopping,Saul Metzstein,2001,91,Comedy
tt0250739,Sister Mary Explains It All,Marshall Brickman,2001,77,"Comedy,Drama"
tt0252028,Surviving Christmas,Mike Mitchell,2004,91,"Comedy,Romance"
tt0252133,1st to Die,Russell Mulcahy,2003,180,"Action,Crime,Drama"
tt0253040,Diary of a Sex Addict,Joseph Brutsman,2001,93,Drama
tt0253335,No Turning Back,"Julia Montejo, Jesus Nebot",2001,98,"Crime,Drama,Thriller"
tt0253840,The Triumph of Love,Clare Peploe,2001,112,"Comedy,Romance"
tt0254199,CQ,Roman Coppola,2001,88,"Comedy,Drama,Sci-Fi"
tt0255730,The Feast of All Saints,Peter Medak,2001,213,"Drama,Romance"
tt0255798,The Animal,Luke Greenfield,2001,84,"Comedy,Sci-Fi"
tt0255914,The Darkling,Po-Chih Leong,2000,120,Horror
tt0256692,Chori Chori Chupke Chupke,"Abbas Alibhai Burmawalla, Mastan Alibhai Burmawalla",2001,165,"Comedy,Drama,Musical"
tt0257044,Road to Perdition,Sam Mendes,2002,117,"Crime,Drama,Thriller"
tt0257106,Scary Movie 2,Keenen Ivory Wayans,2001,83,"Comedy,Horror"
tt0257231,Torrente 2: Mission in Marbella,Santiago Segura,2001,99,"Action,Comedy,Crime"
tt0258885,Platform,Jia Zhang-ke,2000,154,"Drama,History"
tt0259054,Ordinary Sinner,John Henry Davis,2001,91,"Drama,Romance"
tt0259711,Vanilla Sky,Cameron Crowe,2001,136,"Fantasy,Mystery,Romance"
tt0261311,Sound of the Sea,Bigas Luna,2001,95,"Drama,Romance"
tt0261545,Astitva,Mahesh Manjrekar,2000,109,Drama
tt0262333,Chronopolis,Piotr Kamler,1982,52,"Animation,Drama,Fantasy"
tt0262396,Empire,Franc. Reyes,2002,90,"Crime,Drama,Thriller"
tt0262418,Farligt förflutet,Oscar Petersson,2001,80,"Action,Crime,Drama"
tt0263005,The 13th Sign,"Jonty Acton, Adam Mason",2000,85,"Horror,Thriller"
tt0265029,America's Sweethearts,Joe Roth,2001,102,"Comedy,Romance"
tt0265459,One Hour Photo,Mark Romanek,2002,96,"Drama,Thriller"
tt0267440,Do You Wanna Know a Secret?,Ty Bradford,2001,90,"Horror,Mystery,Thriller"
tt0267817,Party 7,Katsuhito Ishii,2000,104,Comedy
tt0268288,Eva & Adam: Four Birthdays and a Fiasco,Catti Edfeldt,2001,100,"Family,Romance"
tt0269266,Nightmare,Byeong-ki Ahn,2000,97,"Crime,Horror,Thriller"
tt0269376,Island Prey,William Riead,2001,93,"Drama,Romance,Thriller"
tt0270419,The Human Body,Peter Georgi,2001,40,"Documentary,Short"
tt0272069,Demonicus,Jay Woelfel,2001,72,Horror
tt0272147,Vampires: Los Muertos,Tommy Lee Wallace,2002,93,"Action,Horror,Thriller"
tt0272950,The Zombie Chronicles,Brad Sykes,2001,71,Horror
tt0273253,Haiku Tunnel,"Jacob Kornbluth, Josh Kornbluth",2001,88,Comedy
tt0273607,Festival in Cannes,Henry Jaglom,2001,100,Comedy
tt0274321,Air Rage,Fred Olen Ray,2001,99,"Action,Adventure"
tt0274518,Gayniggers from Outer Space,Morten Lindberg,1992,26,"Comedy,Sci-Fi,Short"
tt0274711,People I Know,Daniel Algrant,2002,100,"Crime,Drama,Mystery"
tt0275067,Wendigo,Larry Fessenden,2001,91,"Horror,Mystery,Thriller"
tt0275410,Horrorvision,Danny Draven,2001,72,"Horror,Sci-Fi,Thriller"
tt0277931,OffOn,Scott Bartlett,1968,9,Short
tt0277941,Ned Kelly,Gregor Jordan,2003,110,"Action,Adventure,Biography"
tt0283974,Return to Cabin by the Lake,Po-Chih Leong,2001,89,"Comedy,Horror,Thriller"
tt0284137,Gadar: Ek Prem Katha,Anil Sharma,2001,170,"Action,Drama,Romance"
tt0284717,The Crusaders,Dominique Othenin-Girard,2001,194,"Adventure,Drama"
tt0285351,According to Jim,"Philip Charles MacKenzie, Jim Belushi, Mark Cendrowski, Gil Junger, Leonard R. Garner Jr., Steve Zuckerman, Larry Joe Campbell, James Widdoes, Dennis Capps, Andy Cadiff, Charles T. Kanganis, Kimberly Williams-Paisley, Brian K. Roberts, Shelley Jensen, Gerry Cohen, Lauren Breiting, Bob Koherr, Penny Marshall, Michael Lembeck, Peter D. Beyt, Chris Brougham, Lynn M. McCracken",2001,30,"Comedy,Romance"
tt0286098,Zu Warriors,Hark Tsui,2001,104,"Action,Fantasy"
tt0286610,Broken Bow,James L. Conway,2001,44,"Action,Adventure,Drama"
tt0286669,Rooms for Tourists,Adrian Garcia Bogliano,2004,90,"Crime,Horror,Mystery"
tt0286975,Slashers,Maurice Devereaux,2001,99,"Comedy,Horror"
tt0287535,The Lost Battalion,Russell Mulcahy,2001,92,"Action,Drama,War"
tt0287979,Deadline,Jonathan Kray,2002,21,"Horror,Short,Thriller"
tt0288040,Hatred of a Minute,Michael Kallio,2002,83,"Crime,Horror,Romance"
tt0288243,Taboo,Max Makowski,2002,80,"Drama,Horror,Mystery"
tt0290382,A Wrinkle in Time,John Kent Harrison,2003,251,"Adventure,Family,Fantasy"
tt0290661,Dog Days,Ulrich Seidl,2001,121,Drama
tt0291502,Swept Away,Guy Ritchie,2002,89,"Comedy,Romance"
tt0291833,Cradle of Fear,Alex Chandon,2001,120,Horror
tt0293563,Rub & Tug,Soo Lyu,2002,90,Comedy
tt0294918,Shot in the Heart,Agnieszka Holland,2001,98,"Crime,Drama,Mystery"
tt0295289,A Guy Thing,Chris Koch,2003,101,"Comedy,Romance"
tt0295529,Power Play,Joseph Zito,2003,100,"Action,Thriller"
tt0295578,Running Out of Time 2,"Wing-Cheong Law, Johnnie To",2001,95,"Crime,Mystery"
tt0295725,Time Changer,Rich Christiano,2002,95,"Drama,Fantasy,Sci-Fi"
tt0297827,Checkout,Mark Foggetti,2002,100,Comedy
tt0298482,Nothing,Vincenzo Natali,2003,90,"Comedy,Drama,Fantasy"
tt0299594,Brief Crossing,Catherine Breillat,2001,84,"Comedy,Drama,Romance"
tt0300214,Morvern Callar,Lynne Ramsay,2002,97,Drama
tt0300533,Survivor Series,Kevin Dunn,2001,156,"Action,Sport"
tt0301163,Dead Creatures,Andrew Parkinson,2001,95,"Drama,Horror,Thriller"
tt0301924,Ten Tiny Love Stories,Rodrigo García,2002,96,Drama
tt0302346,Blanche,Bernie Bonvoisin,2002,104,"Adventure,Comedy"
tt0303021,Second Name,Paco Plaza,2002,98,"Horror,Thriller"
tt0303816,Cabin Fever,Eli Roth,2002,93,Horror
tt0304377,Mango Kiss,Sascha Rice,2004,84,"Comedy,Romance"
tt0304584,The President's Man: A Line in the Sand,Eric Norris,2002,90,"Action,Drama,Thriller"
tt0304711,The Order,Brian Helgeland,2003,102,"Horror,Mystery,Thriller"
tt0305264,The Bagman,Beverly Beaton,2002,80,Horror
tt0305396,The Crocodile Hunter: Collision Course,John Stainton,2002,90,"Action,Adventure,Comedy"
tt0306047,Scary Movie 3,David Zucker,2003,84,Comedy
tt0306063,Severed,Matt Green,2002,89,Horror
tt0306069,The Singles Ward,Kurt Hale,2002,102,"Comedy,Drama,Romance"
tt0306568,Blood of the Samurai,Aaron Yamasato,2001,75,"Action,Adventure,Comedy"
tt0306597,Brother to Brother,Rodney Evans,2004,94,Drama
tt0307875,Sunday,Charles McDougall,2002,109,Drama
tt0308132,The Corpse Grinders 2,Ted V. Mikels,2000,102,"Horror,Sci-Fi,Thriller"
tt0311018,Disappearance,Walter Klenhard,2002,92,"Horror,Mystery,Thriller"
tt0311289,Holes,Andrew Davis,2003,117,"Adventure,Comedy,Drama"
tt0312528,The Cat in the Hat,Bo Welch,2003,82,"Adventure,Comedy,Family"
tt0314063,Immortal,Enki Bilal,2004,103,"Drama,Sci-Fi,Thriller"
tt0314204,Creature Unknown,Michael Burnett,2004,79,"Horror,Mystery,Thriller"
tt0314630,The Secret Lives of Dentists,Alan Rudolph,2002,104,Drama
tt0314930,Yugoslavia: The Avoidable War,George Bogdanich,1999,165,"Documentary,War"
tt0314979,Battlestar Galactica,Michael Rymer,2003,90,"Action,Adventure,Drama"
tt0315327,Bruce Almighty,Tom Shadyac,2003,101,"Comedy,Fantasy"
tt0316188,Raising Victor Vargas,Peter Sollett,2002,88,"Drama,Romance"
tt0317676,House of the Dead,Uwe Boll,2003,90,"Action,Adventure,Horror"
tt0318040,Evil Breed: The Legend of Samhain,Christian Viel,2003,78,"Comedy,Horror"
tt0318076,Slim Slam Slum,"Jorge Ballarin, Marcelino Ballarin",2002,97,"Comedy,Music,Romance"
tt0318276,Adrenaline,Roel Reiné,2003,97,"Crime,Drama,Romance"
tt0319147,Casomai,Alessandro D'Alatri,2002,114,"Comedy,Romance"
tt0319769,Mondays in the Sun,Fernando León de Aranoa,2002,113,"Comedy,Drama"
tt0321018,What I Like About You,"Shelley Jensen, Steve Zuckerman, Gary Halvorson, Leslie Kolins Small, Rebecca Baughman, Peter Marc Jacobson, Dave Thomas, Sheldon Epps, Richard Correll, Mark Cendrowski, Gerry Cohen, Philip Charles MacKenzie, Peter Bonerz, Brian K. Roberts, Robert J. Krakower, Fred Savage, Dan Cortese, Madeline Cripe",2002,30,Comedy
tt0321359,Return to the Batcave: The Misadventures of Adam and Burt,Paul A. Kaufman,2003,90,"Action,Biography,Comedy"
tt0322389,George of the Jungle 2,David Grossman,2003,87,"Adventure,Comedy,Family"
tt0324532,When in Rome,Steve Purcell,2002,94,"Comedy,Family"
tt0325597,The Captives,Eric Stanze,2001,71,"Drama,Horror,Thriller"
tt0326820,DarkWolf,Richard Friedman,2003,94,Horror
tt0326856,Envy,Barry Levinson,2004,99,Comedy
tt0327940,In Your Face,Tim Tommasino,2002,105,Action
tt0328031,King of the Ants,Stuart Gordon,2003,102,"Crime,Drama,Thriller"
tt0329334,Bleed,"Devin Hamilton, Dennis Petersen",2002,82,"Horror,Mystery,Thriller"
tt0329502,The Poet,Paul Hills,2003,100,"Drama,Romance,Thriller"
tt0329934,Sue Thomas: F.B.Eye,"Larry A. McLean, Holly Dale, David Warry-Smith, Bruce Pittman, Stephan Fanfara, J. Miles Dale, Dave Alan Johnson, Alan Goluboff, John Bell, Eleanore Lindo, Ken Hanes",2002,60,"Crime,Drama,Mystery"
tt0331338,16 Years of Alcohol,Richard Jobson,2003,102,"Crime,Drama"
tt0331509,Funky Monkey,"Harry Basil, Gene Quintano",2004,94,"Comedy,Family"
tt0331834,Alive,Ryūhei Kitamura,2002,110,"Action,Drama,Horror"
tt0332047,Fever Pitch,"Bobby Farrelly, Peter Farrelly",2005,104,"Comedy,Drama,Romance"
tt0332452,Troy,Wolfgang Petersen,2004,163,"Action,Adventure"
tt0332658,Intermission,John Crowley,2003,105,"Comedy,Crime,Drama"
tt0334541,Tremors 4: The Legend Begins,S.S. Wilson,2004,101,"Action,Adventure,Comedy"
tt0335563,Wonderland,James Cox,2003,104,"Crime,Drama,Mystery"
tt0336325,Dracula II: Ascension,Patrick Lussier,2003,85,Horror
tt0337640,Hollywood North,Peter O'Brian,2003,89,Comedy
tt0338075,Grand Theft Parsons,David Caffrey,2003,88,"Adventure,Comedy,Drama"
tt0338088,Hallow's End,Jon Keeyes,2003,90,Horror
tt0339091,Gang of Roses,Jean-Claude La Marre,2003,94,"Action,Drama,Western"
tt0339531,Sasquatch Hunters,Fred Tepper,2005,88,"Action,Horror,Thriller"
tt0340258,My Wrongs 8245-8249 and 117,Christopher Morris,2002,12,"Comedy,Fantasy,Short"
tt0340883,Open House,Dan Mirvish,2004,95,Musical
tt0342317,Eddie Izzard: Circle,Anastasia Pappas,2002,82,"Comedy,Documentary"
tt0342882,The PianoTuner of EarthQuakes,"Stephen Quay, Timothy Quay, Weiser Quay",2004,99,"Animation,Drama,Family"
tt0343135,Along Came Polly,John Hamburg,2004,90,"Comedy,Romance"
tt0343687,The French Doors,Steve Ayson,2001,13,"Horror,Short"
tt0343818,"I, Robot",Alex Proyas,2004,115,"Action,Mystery,Sci-Fi"
tt0344273,Kings and Queen,Arnaud Desplechin,2004,150,"Comedy,Drama,Romance"
tt0346156,Sky Captain and the World of Tomorrow,Kerry Conran,2004,106,"Action,Adventure,Mystery"
tt0346293,Hitler: The Rise of Evil,Christian Duguay,2003,93,"Biography,Drama,History"
tt0346800,Cowards Bend the Knee,Guy Maddin,2003,64,"Drama,Romance"
tt0348150,Superman Returns,Bryan Singer,2006,154,"Action,Adventure,Sci-Fi"
tt0350091,Satan's School for Lust,Terry M. West,2002,65,Horror
tt0352394,Hellborn,Philip J. Jones,2003,90,"Fantasy,Horror"
tt0352426,Ice Bound,Roger Spottiswoode,2003,89,Drama
tt0361670,The Great Journey,Ismaël Ferroukhi,2004,108,"Drama,Romance"
tt0363565,The Legend of Diablo,Robert Napton,2003,85,Thriller
tt0364986,Ben & Arthur,Sam Mraovich,2002,85,"Drama,Romance,Thriller"
tt0365200,Fire Over Afghanistan,Terence H. Winkless,2003,92,"Action,Drama,War"
tt0365265,Ginger Snaps Back: The Beginning,Grant Harvey,2004,94,"Drama,Horror,Thriller"
tt0365514,Moon Child,Takahisa Zeze,2003,120,"Action,Drama,Sci-Fi"
tt0365653,Dinocroc,Kevin O'Neill,2004,85,"Action,Adventure,Comedy"
tt0365686,Revolver,Guy Ritchie,2005,111,"Action,Crime,Drama"
tt0365960,Zero Day,Ben Coccio,2002,92,Drama
tt0366292,One Missed Call,Takashi Miike,2003,112,"Horror,Mystery"
tt0366555,The Hazing,Rolfe Kanefsky,2004,87,"Comedy,Horror"
tt0367245,Wuthering Heights,Suri Krishnamma,2003,90,"Drama,Musical,Romance"
tt0367817,S.I.C.K. Serial Insane Clown Killer,Bob Willems,2003,97,"Horror,Thriller"
tt0368078,Niki and Flo,Lucian Pintilie,2003,99,Drama
tt0368268,Shiner,Christian Calson,2004,89,Drama
tt0368891,National Treasure,Jon Turteltaub,2004,131,"Action,Adventure,Mystery"
tt0369084,Byron,Julian Farino,2003,147,"Biography,Drama,Romance"
tt0369226,Alone in the Dark,Uwe Boll,2005,96,"Action,Horror,Sci-Fi"
tt0369946,Snitch'd,James Cahill,2003,86,"Action,Adventure,Crime"
tt0371212,Shooting Livien,Rebecca Bagley-Cook,2005,90,"Drama,Music,Romance"
tt0371282,Tales from Beyond,"Josh Austin, Nate Barlow, Eric Manning, Russell Scott",2004,115,"Drama,Fantasy,Sci-Fi"
tt0372346,IOWA,Matt Farnsworth,2005,104,"Crime,Drama"
tt0372401,Sex Sells: The Making of 'Touché',Jonathan Liebert,2005,96,"Comedy,Romance"
tt0372532,The Wedding Date,Clare Kilner,2005,90,"Comedy,Romance"
tt0372873,Dragon Wars: D-War,Hyung-rae Shim,2007,107,"Action,Drama,Fantasy"
tt0374569,Che: Part Two,Steven Soderbergh,2008,135,"Biography,Drama,History"
tt0374688,Gun Crazy: A Woman from Nowhere,Atsushi Muroga,2002,65,"Action,Crime,Drama"
tt0375210,White Noise,Geoffrey Sax,2005,101,"Drama,Horror,Mystery"
tt0375560,Art Heist,Bryan Goeres,2004,98,"Action,Crime,Thriller"
tt0375785,Gray Matters,Sue Kramer,2006,96,"Comedy,Romance"
tt0377057,Elvis Has Left the Building,Joel Zwick,2004,90,Comedy
tt0377713,Cube Zero,Ernie Barbarash,2004,97,"Drama,Mystery,Sci-Fi"
tt0377818,The Dukes of Hazzard,Jay Chandrasekhar,2005,104,"Action,Adventure,Comedy"
tt0378854,Target of Opportunity,Danny Lerner,2005,88,"Action,Drama"
tt0378947,Melinda and Melinda,Woody Allen,2004,99,"Comedy,Drama,Romance"
tt0379186,Blood of the Werewolf,"Joe Bagnardi, Bruce G. Hallenbeck, Kevin J. Lindenmuth",2001,82,Horror
tt0379307,Greendale,Neil Young,2003,87,"Drama,Musical"
tt0381707,White Chicks,Keenen Ivory Wayans,2004,109,"Comedy,Crime"
tt0381980,Bet Your Life,Louis Morneau,2004,120,Action
tt0382330,As It Is in Heaven,Kay Pollak,2004,133,"Comedy,Drama,Music"
tt0382765,Jindabyne,Ray Lawrence,2006,123,"Crime,Drama,Mystery"
tt0382806,Look Both Ways,Sarah Watt,2005,100,"Drama,Mystery,Romance"
tt0383353,Evil Aliens,Jake West,2005,93,"Comedy,Horror,Sci-Fi"
tt0384814,Ask the Dust,Robert Towne,2006,117,"Drama,Romance"
tt0385004,House of Flying Daggers,Yimou Zhang,2004,119,"Action,Adventure,Drama"
tt0385586,Cat Soup,Tatsuo Satō,2001,34,"Animation,Comedy,Fantasy"
tt0385988,Red Riding Hood,Randal Kleiser,2006,82,"Adventure,Family,Fantasy"
tt0387989,Let's Bring Our Heroes Home,"Milan Luthria, Rajeev Jhaveri",2004,163,"Action,Drama,Thriller"
tt0388595,Extreme Makeover: Home Edition,"Glenn GT Taylor, Patrick Higgins, Juan Cruz Bucich, Colin Donahue, Scott Farquharson, Jennifer Lane, David Dryden, Jack Cannon",2003,60,"Comedy,Drama,Family"
tt0388769,Biarkan Bintang Menari,Indra Yudhistira,2003,112,"Drama,Musical"
tt0389796,The Best Thief in the World,Jacob Kornbluth,2004,93,"Comedy,Drama"
tt0389957,Edison,David J. Burke,2005,99,"Action,Crime,Drama"
tt0390468,Septem8er Tapes,Christian Johnston,2004,95,"Drama,Thriller,War"
tt0390614,Waqt: The Race Against Time,Vipul Amrutlal Shah,2005,153,"Comedy,Drama,Family"
tt0391198,The Grudge,Takashi Shimizu,2004,91,"Horror,Mystery,Thriller"
tt0395512,Darklight,Bill Platt,2004,90,"Action,Drama,Fantasy"
tt0396096,Pit Fighter,Jesse V. Johnson,2005,83,Action
tt0397524,Maiden Voyage,Colin Budds,2004,83,Action
tt0397535,Memoirs of a Geisha,Rob Marshall,2005,145,"Drama,Romance"
tt0398408,3 Non-Blondes,John F.D. Northover,2003,30,Comedy
tt0398417,The Batman,"Brandon Vietti, Seung Eun Kim, Christopher Berkeley, Anthony Chun, Sam Liu, Vinton Heuck, Matt Youngberg, John Fang",2004,22,"Action,Adventure,Animation"
tt0398842,The Celestine Prophecy,Armand Mastroianni,2006,99,"Adventure,Drama"
tt0399877,What the #$*! Do We (K)now!?,"William Arntz, Betsy Chasse, Mark Vicente",2004,109,"Comedy,Documentary,Drama"
tt0400497,Herbie: Fully Loaded,Angela Robinson,2005,101,"Adventure,Comedy,Family"
tt0401711,"Paris, Je T'aime","Olivier Assayas, Frédéric Auburtin, Gurinder Chadha, Sylvain Chomet, Ethan Coen, Joel Coen, Isabel Coixet, Wes Craven, Alfonso Cuarón, Gérard Depardieu, Christopher Doyle, Richard LaGravenese, Vincenzo Natali, Alexander Payne, Bruno Podalydès, Walter Salles, Oliver Schmitz, Nobuhiro Suwa, Daniela Thomas, Tom Tykwer, Gus Van Sant",2006,120,"Comedy,Drama,Romance"
tt0402247,Hating Alison Ashley,Geoff Bennett,2005,100,Comedy
tt0402711,Boston Legal,"Mike Listo, Bill D'Elia, Robert Yannetti, Steve Robin, James R. Bagdonas, Jeff Bleckner, Arlene Sanford, Lou Antonio, John Terlesky, Jeannot Szwarc, Mel Damski, Ron Underwood, Stephen Cragg, Adam Arkin, Tom Verica, Eric Stoltz, Daniel Attias, Tucker Gates, Charles Haid, Dennis Smith, Hubert de La Bouillerie, Allison Liddi-Brown, Oz Scott, Matt Shakman, Ellie Kanner, Andrew Bernstein, Michael Pressman, Vondie Curtis-Hall, Michael Lohmann",2004,44,"Comedy,Crime,Drama"
tt0402755,Agata and the Storm,Silvio Soldini,2004,125,"Comedy,Romance"
tt0404325,Phil the Alien,Rob Stefaniuk,2004,82,"Comedy,Sci-Fi"
tt0404356,Quite Ugly One Morning,Sam Miller,2004,94,"Comedy,Crime,Drama"
tt0404802,The Notorious Bettie Page,Mary Harron,2005,91,"Biography,Drama"
tt0406943,The Gospel of Lou,Bret Carr,2003,72,Action
tt0407269,The Truth About Love,John Hay,2005,100,"Comedy,Romance"
tt0408304,"Yo soy Boricua, pa'que tu lo sepas!","Liz Garbus, Rosie Perez",2006,86,Documentary
tt0408309,"Carmilla, the Lesbian Vampire",Vince D'Amato,2004,85,"Drama,Horror"
tt0409221,Revenge of the Mummy: The Ride,"Michael Carone, Stephen Sommers",2004,6,"Action,Adventure,Horror"
tt0410162,The King Maker,Lek Kitaparaporn,2005,92,"Adventure,Drama"
tt0411008,Lost,"Jack Bender, Stephen Williams, Paul A. Edwards, Tucker Gates, Eric Laneuville, Greg Yaitanes, Bobby Roth, Kevin Hooks, J.J. Abrams, Daniel Attias, Rod Holcomb, Karen Gaviola, Stephen Semel, Marita Grabiak, Michael Zinberg, Adam Davidson, David Grossman, Robert Mandel, Alan Taylor, Matt Earl Beesley, Roxann Dawson, Deran Sarafian, Paris Barclay, Frederick E.O. Toye, Mark Goldman, Mario Van Peebles",2004,45,"Adventure,Drama,Fantasy"
tt0413371,This Darkness: The Vampire Virus,Dylan O'Leary,2003,106,Horror
tt0415141,Mama's Boy,Tim Hamilton,2007,93,"Comedy,Drama"
tt0415778,End Game,Andy Cheng,2006,93,"Action,Thriller"
tt0417148,Snakes on a Plane,David R. Ellis,2006,105,"Action,Adventure,Crime"
tt0417191,They Are Among Us,Jeffrey Obrow,2004,99,"Sci-Fi,Thriller"
tt0420223,Stranger Than Fiction,Marc Forster,2006,113,"Comedy,Drama,Fantasy"
tt0421199,The Fallen Ones,Kevin VanHook,2005,89,Horror
tt0421239,Red Eye,Wes Craven,2005,85,Thriller
tt0424095,Flushed Away,"David Bowers, Sam Fell",2006,85,"Action,Adventure,Animation"
tt0424890,The Choke,Juan Mas,2006,90,"Horror,Thriller"
tt0425308,Noise,Henry Bean,2007,92,"Comedy,Crime,Drama"
tt0425638,The War of the Worlds,Timothy Hines,2005,179,"Action,Adventure,Sci-Fi"
tt0427038,Carlito's Way: Rise to Power,Michael S. Bregman,2005,100,"Action,Crime,Drama"
tt0428081,Haunted Boat,Olga Levens,2005,97,"Drama,Horror,Mystery"
tt0428608,Guernsey,Nanouk Leopold,2005,90,Drama
tt0429487,The 77th Annual Academy Awards,"Louis J. Horvitz, Errol Morris, Roger Goodman, Troy Miller",2005,194,Music
tt0430304,Little Man,Keenen Ivory Wayans,2006,98,"Comedy,Crime"
tt0430768,Wild Tigers I Have Known,Cam Archer,2006,88,Drama
tt0430912,Basic Instinct 2,Michael Caton-Jones,2006,114,"Drama,Mystery,Thriller"
tt0430926,Bloodsuckers,Matthew Hastings,2005,99,"Action,Horror,Sci-Fi"
tt0432028,The Ring Thing,Marc Schippert,2004,80,"Adventure,Comedy"
tt0432283,Fantastic Mr. Fox,Wes Anderson,2009,87,"Adventure,Animation,Comedy"
tt0433360,Dark Remains,Brian Avenet-Bradley,2005,91,Horror
tt0433442,The Return,Asif Kapadia,2005,85,"Horror,Mystery,Thriller"
tt0434964,Gammera the Invincible,"Sandy Howard, Noriaki Yuasa",1966,86,"Family,Sci-Fi"
tt0436301,Feeding the Masses,Richard Griffin,2004,85,Horror
tt0437182,Family: Ties of Blood,Rajkumar Santoshi,2006,150,"Action,Crime,Drama"
tt0438850,Floored by Love,Desiree Lim,2005,50,"Comedy,Drama,Romance"
tt0439815,Slither,James Gunn,2006,95,"Comedy,Horror,Sci-Fi"
tt0439932,The Jane Show,"George Bloomfield, T.W. Peacocke, Brian K. Roberts, Paul Fox, Craig Pryce, Ron Murphy, Chris Deacon",2004,30,Comedy
tt0443334,Attack of the Sabertooth,George Miller,2005,90,"Action,Adventure,Comedy"
tt0443489,Dreamgirls,Bill Condon,2006,130,"Drama,Musical"
tt0443527,The Hamiltons,"Mitchell Altieri, Phil Flores",2006,86,"Drama,Horror,Thriller"
tt0443632,The Sentinel,Clark Johnson,2006,108,"Action,Crime,Thriller"
tt0443678,Unholy,Daryl Goldberg,2007,90,"Horror,Sci-Fi,Thriller"
tt0443708,Page 3,"Madhur Bhandarkar, Jay Dev Banerjee",2005,139,Drama
tt0444628,Fay Grim,Hal Hartley,2006,118,"Action,Comedy,Thriller"
tt0444736,The Naked Brothers Band: The Movie,Polly Draper,2005,90,"Comedy,Family,Music"
tt0445161,4,Ilya Khrzhanovskiy,2004,126,"Drama,Mystery,Sci-Fi"
tt0445760,The Wayward Cloud,Tsai Ming-liang,2005,112,"Comedy,Drama,Musical"
tt0446557,A Funny Thing Happened on the Way to the Moon,Bart Sibrel,2001,47,"Fantasy,History"
tt0446685,Drawing Restraint 9,Matthew Barney,2005,135,Fantasy
tt0447987,Go Figure,Francine McDougall,2005,88,"Action,Comedy,Drama"
tt0448075,The Night Listener,Patrick Stettner,2006,91,"Crime,Drama,Horror"
tt0448190,Masters of Horror,"Stuart Gordon, Dario Argento, John Carpenter, Joe Dante, Mick Garris, Tobe Hooper, John Landis, Don Coscarelli, Brad Anderson, Larry Cohen, Ernest Dickerson, William Malone, Lucky McKee, John McNaughton, Takashi Miike, Tom Holland, Peter Medak, Rob Schmidt, Norio Tsuruta",2005,60,Horror
tt0449599,Hood of the Living Dead,"Eduardo Quiroz, Jose Quiroz",2005,90,Horror
tt0450345,The Wicker Man,Neil LaBute,2006,102,"Horror,Mystery,Thriller"
tt0450385,1408,Mikael Håfström,2007,104,"Fantasy,Horror,Mystery"
tt0450470,Two Drifters,João Pedro Rodrigues,2005,98,Drama
tt0453671,Garam Masala,Priyadarshan,2005,146,"Comedy,Romance"
tt0454848,Inside Man,Spike Lee,2006,129,"Crime,Drama,Mystery"
tt0455115,H6: Diario de un asesino,Martín Garrido Barón,2005,92,"Crime,Horror,Thriller"
tt0455538,How to Lose Friends & Alienate People,Robert B. Weide,2008,110,"Biography,Comedy,Drama"
tt0455590,The Last King of Scotland,Kevin Macdonald,2006,123,"Biography,Drama,History"
tt0455829,Vettaiyaadu Vilaiyaadu,Gautham Vasudev Menon,2006,174,"Action,Crime,Drama"
tt0457275,Altered,Eduardo Sánchez,2006,88,"Horror,Sci-Fi,Thriller"
tt0457303,Church Ball,Kurt Hale,2006,91,"Comedy,Sport"
tt0457572,Fido,Andrew Currie,2006,93,"Comedy,Drama,Horror"
tt0458253,The Closer,"Michael M. Robin, Rick Wallace, Arvin Brown, Elodie Keene, Nelson McCormick, Steve Robin, Kevin Bacon, James Duff, Roxann Dawson, David McWhirter, Gloria Muzio, Scott Ellis, Michael Pressman, Anthony Hemingway, Nicole Kassell, Stacey K. Black, Sheelin Choksey, Tawnia McKiernan, Greg Yaitanes, Craig Zisk, Matt Earl Beesley, Lesli Linka Glatter, Charles Haid, Jesse Bochco, Greer Shephard, Roger Young, Adam Arkin, Matthew Penn, Paul McCrane, Jon Tenney",2005,46,"Crime,Drama,Mystery"
tt0459387,The Great Ecstasy of Robert Carmichael,Thomas Clay,2005,96,"Crime,Drama"
tt0459392,SharkMan,Michael Oblowitz,2005,92,"Action,Adventure,Comedy"
tt0460838,Judges,Stephen Patrick Walker,2006,90,"Action,Adventure,Drama"
tt0461642,7 Dwarves: The Forest Is Not Enough,"Miguel Angelo Pate, Sven Unterwaldt Jr.",2006,95,"Comedy,Fantasy"
tt0461887,Space Race,"Mark Everest, Christopher Spencer",2005,240,"Documentary,Drama"
tt0462160,Dead Tone,"Brian Hooks, Deon Taylor",2007,100,"Horror,Thriller"
tt0462346,How to Eat Fried Worms,Bob Dolman,2006,84,"Comedy,Family"
tt0463027,Descent,Talia Lugacy,2007,104,"Drama,Thriller"
tt0463392,Zombie Nation,Ulli Lommel,2004,81,Horror
tt0464095,The Lives of the Saints,"Chris Cottam, Rankin",2006,97,"Comedy,Drama"
tt0465624,My Super Ex-Girlfriend,Ivan Reitman,2006,96,"Comedy,Romance,Sci-Fi"
tt0465643,Time of Her Life,Steven M. Smith,2005,93,"Drama,Fantasy"
tt0466500,Life Hits,Christian E. Christiansen,2006,93,Drama
tt0466745,The Darkroom,Michael Hurst,2006,83,"Horror,Mystery,Thriller"
tt0468464,Crippled Creek,Hans Hartman,2005,89,Horror
tt0468482,Fungicide,Dave Wascavage,2002,84,"Comedy,Horror"
tt0469913,Good Time Max,James Franco,2007,79,Drama
tt0469999,Ulli Lommel's Zodiac Killer,Ulli Lommel,2005,83,"Crime,Drama,Thriller"
tt0472047,B.T.K. Killer,Ulli Lommel,2005,82,"Biography,Crime,Drama"
tt0472126,Local Color,George Gallo,2006,107,Drama
tt0473310,Ram Gopal Varma Ki Aag,Ram Gopal Varma,2007,171,"Action,Adventure,Comedy"
tt0473356,The Flock,Wai Keung Lau,2007,96,"Crime,Drama,Mystery"
tt0473500,Kettle of Fish,Claudia Myers,2006,97,"Comedy,Romance"
tt0473553,The Tooth Fairy,Chuck Bowman,2006,89,"Horror,Thriller"
tt0475937,The Abandoned,Nacho Cerdá,2006,99,"Horror,Mystery,Thriller"
tt0476918,Loonatics Unleashed,"Dan Fausett, Kenny Thompkins, Curt Walstead, Andrew Austin, Clint Taylor",2005,30,"Action,Adventure,Animation"
tt0477337,The Sword Bearer,Filipp Yankovskiy,2006,108,"Action,Fantasy,Romance"
tt0477392,Broken Bridges,Steven Goldmann,2006,105,"Drama,Music"
tt0478197,Leonard Cohen: I'm Your Man,Lian Lunson,2005,105,"Biography,Documentary,Music"
tt0480011,Closure,Dan Reed,2007,80,"Crime,Drama,Horror"
tt0480035,The Eden Formula,John Carl Buechler,2006,92,"Action,Adventure,Horror"
tt0480242,Dan in Real Life,Peter Hedges,2007,98,"Comedy,Drama,Romance"
tt0481280,Live Feed,Ryan Nicholson,2006,77,Horror
tt0481452,Nightmares & Dreamscapes: From the Stories of Stephen King,"Rob Bowman, Mikael Salomon, Mark Haber, Brian Henson, Sergio Mimica-Gezzan, Mike Robe",2006,48,"Drama,Fantasy,Horror"
tt0483200,The Power of Fear,Oleg Fesenko,2006,79,Horror
tt0484437,Love Sick,Tudor Giurgiu,2006,86,Drama
tt0485272,Salaam-E-Ishq,Nikkhil Advani,2007,216,"Comedy,Drama,Musical"
tt0486321,Fly Me to the Moon 3D,"Ben Stassen, Gina Gallo, Mimi Maynard, Domonic Paris",2007,84,"Adventure,Animation,Family"
tt0486583,Fred Claus,David Dobkin,2007,116,"Comedy,Family,Fantasy"
tt0486655,Stardust,Matthew Vaughn,2007,127,"Adventure,Fantasy,Romance"
tt0486968,Double Cross,George Erschbamer,2006,88,"Drama,Thriller"
tt0487108,Un macho de mujer,Alfonso Rodríguez,2006,100,Comedy
tt0489318,The Perfect Witness,Thomas Dunn,2007,100,"Crime,Horror,Thriller"
tt0492754,Salvage,"Jeff Crook, Josh Crook",2006,80,"Horror,Mystery,Thriller"
tt0493424,Attack Force,Michael Keusch,2006,95,"Action,Sci-Fi,Thriller"
tt0494192,The Line of Beauty,Saul Dibb,2006,59,"Drama,Romance"
tt0494230,Gospel of Deceit,Timothy Bond,2006,88,Thriller
tt0494815,Siren,Yukihiko Tsutsumi,2006,87,"Horror,Thriller"
tt0497116,An Inconvenient Truth,Davis Guggenheim,2006,96,Documentary
tt0497137,"I'm a Cyborg, But That's OK",Park Chan-wook,2006,107,"Comedy,Drama,Romance"
tt0497323,Anamorph,Henry Miller,2007,103,"Crime,Horror,Thriller"
tt0499570,Slipstream,Anthony Hopkins,2007,96,"Comedy,Drama,Fantasy"
tt0499603,10 Items or Less,Brad Silberling,2006,82,"Comedy,Drama"
tt0705295,Whoever Did This,Timothy Van Patten,2002,58,"Crime,Drama"
tt0734607,Once Upon a Time,Norman Z. McLeod,1961,25,"Drama,Fantasy,Horror"
tt0734656,The Lonely,Jack Smight,1959,25,"Drama,Fantasy,Horror"
tt0734686,Two,Montgomery Pittman,1961,25,"Drama,Fantasy,Horror"
tt0756648,The Fox and the Child,Luc Jacquet,2007,92,"Drama,Family"
tt0757933,The Wedding Curse,Chito S. Roño,2006,110,"Drama,Horror,Thriller"
tt0758442,Black Night,Olivier Smolders,2005,90,"Drama,Mystery,Sci-Fi"
tt0758781,Seed,Uwe Boll,2006,90,Horror
tt0759482,Justice,"David McNally, Paul McCrane, Kevin Bray, Danny Cannon, Dermott Downs, Karen Gaviola, Anthony Hemingway, Jeffrey G. Hunt, Deran Sarafian, John Peters",2006,43,"Crime,Drama,Thriller"
tt0759604,Out of Sight,Daniel Syrkin,2006,88,"Drama,Mystery"
tt0760177,The Mermaid Chair,Steven Schachter,2006,89,"Drama,Romance"
tt0762091,Domestic Import,Kevin Connor,2006,102,Comedy
tt0762115,The List,Gary Wheeler,2007,105,Thriller
tt0765447,Evening,Lajos Koltai,2007,117,"Drama,Romance"
tt0770745,The Empty Acre,Patrick Rea,2007,103,Horror
tt0770806,The Contractor,Josef Rusnak,2007,99,"Action,Drama,Thriller"
tt0770810,How She Move,Ian Iqbal Rashid,2007,94,Drama
tt0780595,Redline,Andy Cheng,2007,95,Action
tt0783489,Carlos Mencia: No Strings Attached,David Steinberg,2006,60,"Comedy,Documentary"
tt0783492,666: The Child,Jack Perez,2006,80,Horror
tt0783518,Flight of Fury,Michael Keusch,2007,98,"Action,Thriller"
tt0783608,The Walker,Paul Schrader,2007,108,"Crime,Drama,Mystery"
tt0783695,Broken Sky,Julián Hernández,2006,140,"Drama,Romance"
tt0785007,Over Her Dead Body,Jeff Lowell,2008,95,"Comedy,Fantasy,Romance"
tt0785025,Love's Abiding Joy,Michael Landon Jr.,2006,87,"Drama,Family,Western"
tt0785532,Pro-Life,John Carpenter,2006,57,Horror
tt0787475,Hot Rod,Akiva Schaffer,2007,88,"Comedy,Sport"
tt0787523,Towelhead,Alan Ball,2007,124,Drama
tt0790781,Wendy Wu: Homecoming Warrior,John Laing,2006,91,"Action,Adventure,Comedy"
tt0791303,A Summer in Genoa,Michael Winterbottom,2008,93,"Drama,Mystery,Romance"
tt0791304,Georgia Rule,Garry Marshall,2007,113,"Comedy,Drama"
tt0798733,Return to Gorée,Pierre-Yves Borgeaud,2007,110,"Documentary,Music"
tt0799862,Caprica,"Michael Nankin, Jonas Pate, John Dahl, Wayne Rose, Jeffrey Reiner, Roxann Dawson, Tim Hunter, Omar Madha, Ronald D. Moore, Eric Stoltz, Michael W. Watkins",2009,60,"Action,Drama,Sci-Fi"
tt0800069,The Hills Have Eyes 2,Martin Weisz,2007,89,"Horror,Thriller"
tt0800080,The Incredible Hulk,Louis Leterrier,2008,112,"Action,Sci-Fi"
tt0804541,Shiloh Falls,Adrian Fulle,2007,90,"Drama,Thriller,Western"
tt0804551,Walking Tall: Lone Justice,Tripp Reed,2007,95,"Action,Crime,Drama"
tt0806203,Carriers,"David Pastor, Àlex Pastor",2009,84,"Adventure,Drama,Horror"
tt0807840,Elephants Dream,Bassam Kurdali,2006,11,"Animation,Sci-Fi,Short"
tt0808331,Joshua,George Ratliff,2007,106,"Drama,Horror,Thriller"
tt0808399,"New York, I Love You","Mira Nair, Fatih Akin, Yvan Attal, Randall Balsmeyer, Allen Hughes, Shunji Iwai, Wen Jiang, Shekhar Kapur, Joshua Marston, Natalie Portman, Brett Ratner",2008,103,"Comedy,Drama,Romance"
tt0810945,Live!,Bill Guttentag,2007,96,Drama
tt0815236,She's Out of My League,Jim Field Smith,2010,104,"Comedy,Romance"
tt0815241,Religulous,Larry Charles,2008,101,"Comedy,Documentary,War"
tt0819765,Dog Bite Dog,Soi Cheang,2006,109,"Action,Crime,Drama"
tt0821375,The Sarah Silverman Program.,"Rob Schrab, Wayne McClammy, Dan Sterling, Steven K. Tsuchida, Liam Lynch",2007,22,Comedy
tt0821642,The Soloist,Joe Wright,2009,117,"Biography,Drama,Music"
tt0832903,Manufactured Landscapes,Jennifer Baichwal,2006,86,Documentary
tt0834896,Barricade,Timo Rose,2007,96,"Horror,Thriller"
tt0834951,Seachd: The Inaccessible Pinnacle,Simon David Miller,2007,100,"Drama,Family"
tt0837786,Bunny Chow: Know Thyself,John Barker,2006,92,Comedy
tt0840094,Five Days,"Otto Bathurst, Toby Haynes, Simon Curtis, Peter Hoar",2007,60,"Crime,Drama,Mystery"
tt0841150,Protégé,Derek Tung-Sing Yee,2007,106,"Crime,Drama,Thriller"
tt0844330,Persuasion,Adrian Shergold,2007,93,"Drama,Family,Romance"
tt0844441,True Blood,"Michael Lehmann, Scott Winant, Daniel Minahan, Howard Deutch, John Dahl, Michael Ruscio, Anthony Hemingway, Alan Ball, Lesli Linka Glatter, David Petrarca, Romeo Tirone, Stephen Moyer, Daniel Attias, Nick Gomez, Nancy Oliver, Marcos Siega, Michael Cuesta, Adam Davidson, Jeremy Podeswa, Gregg Fienberg, Simon Jayes, Angela Robinson, Lee Rose, Jesse Warn",2008,60,"Drama,Fantasy,Mystery"
tt0845463,Grendel,Nick Lyon,2007,82,"Drama,Fantasy,Sci-Fi"
tt0857265,Sleuth,Kenneth Branagh,2007,88,"Crime,Drama,Mystery"
tt0865907,Into the Blue 2: The Reef,Stephen Herek,2009,92,"Action,Adventure,Thriller"
tt0865957,WarGames: The Dead Code,Stuart Gillard,2008,100,"Drama,Sci-Fi,Thriller"
tt0874679,Son of the Dragon,David Wu,2006,174,"Action,Adventure,Fantasy"
tt0887719,Blonde Ambition,Scott Marshall,2007,93,"Comedy,Romance"
tt0887912,The Hurt Locker,Kathryn Bigelow,2008,131,"Drama,Thriller,War"
tt0887971,While She Was Out,Susan Montford,2008,86,"Crime,Drama,Thriller"
tt0888019,Five Across the Eyes,"Greg Swinson, Ryan Thiessen",2006,95,Horror
tt0893406,Loaded,Alan Pao,2008,98,"Action,Crime,Drama"
tt0906734,The Broken,Sean Ellis,2008,93,"Drama,Horror,Thriller"
tt0923293,Little Mosque on the Prairie,"Michael Kennedy, Brian K. Roberts, Jeff Beesley, Steve Wright, James Allodi, Paul Fox, Philip Earnshaw, Samir Rehem, Zarqa Nawaz",2007,22,Comedy
tt0925266,Pushing Daisies,"Lawrence Trilling, Adam Kane, Peter O'Fallon, Allan Kroeker, Barry Sonnenfeld, Peter Lauer, Brian Dannelly, Paul A. Edwards, Tricia Brock, Paul Shapiro, Julie Anne Robinson, Dean White",2007,44,"Comedy,Drama,Fantasy"
tt0925306,Tyrannosaurus Azteca,Brian Trenchard-Smith,2007,86,"Action,Adventure,Comedy"
tt0926129,Prom Night,Nelson McCormick,2008,88,Horror
tt0932672,Second Coming,Jose Zambrano Cassella,2009,89,"Action,Drama,Horror"
tt0970935,Frownland,Ronald Bronstein,2007,106,"Comedy,Drama"
tt0972412,Private Practice,"Mark Tinker, Tom Verica, Ann Kindberg, Bethany Rooney, Michael Zinberg, Allison Liddi-Brown, Eric Stoltz, Donna Deitch, Karen Gaviola, Jeannot Szwarc, Jeff Bleckner, Edward Ornelas, Scott Printz, Jeff Melman, James Frawley, Helen Shaver, Steve Gomer, Stephen Cragg, Kenny Leon, Paul Adelstein, Arvin Brown, Tony Goldwyn, Julie Anne Robinson, David Solomon, Wendey Stanzler, Joanna Kerns, Michael Pressman, Rob Corn, Kate Woods, Matthew Penn, Randy Zisk, Amyn Kaderali, Bill Purple, Steve Robin, James Larkin",2007,60,"Comedy,Drama,Romance"
tt0974629,Safe Harbour,Bill Corcoran,2007,103,"Drama,Romance"
tt0974959,American Pie Presents: Beta House,Andrew Waller,2007,85,Comedy
tt0976026,Cheeni Kum,R Balki,2007,140,"Comedy,Drama,Romance"
tt0985025,Dark Floors,Pete Riski,2008,85,"Action,Fantasy,Horror"
tt0986354,Frank and Cindy,G.J. Echternkamp,2007,73,"Biography,Documentary,Drama"
tt0995752,Tashan,Vijay Krishna Acharya,2008,120,"Action,Comedy,Drama"
